-2.140699625015259, -1.854128360748291, -4.272104809815669, -3.637090095553146
-2.140688180923462, -1.854137897491455, -3.9580416928491786, -3.4527202622666215
-2.1515743732452393, -1.853529930114746, -2.820208227681468, -2.7913634265938887
-2.188410520553589, -1.851858139038086, -2.2151453121880516, -2.4344318187575706
-2.2178125381469727, -1.8492250442504883, -2.198419908340283, -2.4132947953669257
-2.2529184818267822, -1.8451294898986816, -2.2194036392786343, -2.4069524442962287
-2.283543348312378, -1.840634822845459, -2.2421412519358457, -2.405077961926683
-2.3138978481292725, -1.8352751731872559, -2.2501923655702103, -2.3725647582980587
-2.3427634239196777, -1.8292393684387207, -2.2704502603247976, -2.3511749269592572
-2.3727364540100098, -1.8220930099487305, -2.2957603210955884, -2.3505081919910493
-2.405182123184204, -1.8132281303405762, -2.327456239479746, -2.3396575632604506
-2.4324116706848145, -1.8051528930664062, -2.345717297846045, -2.331439170692499
-2.462189197540283, -1.7952861785888672, -2.3678006343402824, -2.3187581078526383
-2.4909300804138184, -1.7846121788024902, -2.3955811053041582, -2.2980364214000932
-2.522629737854004, -1.7720413208007812, -2.4033038763318055, -2.283100620819136
-2.5489683151245117, -1.7604718208312988, -2.426821954379518, -2.2716770976316676
-2.579658031463623, -1.7459502220153809, -2.4351100924102935, -2.2660053106827003
-2.602705478668213, -1.7342181205749512, -2.4596065713217645, -2.254388105418237
-2.632476806640625, -1.717972755432129, -2.4818705327453134, -2.2251775839136196
-2.659233331680298, -1.7023983001708984, -2.5018699027996685, -2.215801627020127
-2.6859846115112305, -1.6859736442565918, -2.521354924610199, -2.20349968860355
-2.7114415168762207, -1.6691341400146484, -2.5358596934938222, -2.2022698242356467
-2.736825466156006, -1.6513442993164062, -2.5529036725345144, -2.189158821299752
-2.761805295944214, -1.6327428817749023, -2.5676658311414564, -2.1679192791944795
-2.786055326461792, -1.6134986877441406, -2.5793223568650787, -2.1530420806811166
-2.809997797012329, -1.5931758880615234, -2.5915882540281405, -2.119063325015999
-2.8341217041015625, -1.5706534385681152, -2.621022203503663, -2.1053397974178045
-2.8547203540802, -1.5508332252502441, -2.6313100842294834, -2.082176825308251
-2.8779990673065186, -1.5271387100219727, -2.6542104983947636, -2.0773693285135235
-2.899465799331665, -1.5048189163208008, -2.674827593119594, -2.051903856146806
-2.919734239578247, -1.4815106391906738, -2.6918771980918073, -2.0422091139440677
-2.9378275871276855, -1.4594917297363281, -2.717476663297254, -2.0226807945817704
-2.9571897983551025, -1.4347991943359375, -2.7329835584631783, -2.008039513467201
-2.9759318828582764, -1.4095478057861328, -2.7588817909542986, -1.9921868817198782
-2.995187997817993, -1.3821830749511719, -2.780681694498383, -1.9633345825666946
-3.0108389854431152, -1.3574323654174805, -2.788991763452612, -1.9462413688640439
-3.028442621231079, -1.329164981842041, -2.787608377321529, -1.9282854814020571
-3.043851137161255, -1.3020081520080566, -2.802740652025019, -1.8955383857162151
-3.0572445392608643, -1.2764735221862793, -2.8274889192579598, -1.8727652082275545
-3.0728604793548584, -1.2461261749267578, -2.8403814896153627, -1.8507725805725281
-3.0857114791870117, -1.2178401947021484, -2.851876193485983, -1.8246076658641508
-3.0979952812194824, -1.189422607421875, -2.8639166600512813, -1.7958343477491594
-3.109804630279541, -1.1605100631713867, -2.847611746965365, -1.77012488131089
-3.1208548545837402, -1.1318755149841309, -2.850504159811479, -1.7321643951883232
-3.130211114883423, -1.1026129722595215, -2.879249659569601, -1.712598559044881
-3.1382265090942383, -1.0751729011535645, -2.866898955377089, -1.6854275052730903
-3.1468920707702637, -1.0425291061401367, -2.876510344499793, -1.6701423517440093
-3.153780221939087, -1.014420509338379, -2.8972853980466606, -1.6420333657626556
-3.160702705383301, -0.9809365272521973, -2.905363493928676, -1.6174593159273865
-3.1653828620910645, -0.9531583786010742, -2.917334422535255, -1.5642921350059549
-3.1699001789093018, -0.9225234985351562, -2.9374331107598173, -1.5430342472854364
-3.1735520362854004, -0.8915071487426758, -2.9549547886286525, -1.524241400255865
-3.1770763397216797, -0.8572168350219727, -2.955096326234136, -1.509726524707988
-3.1786017417907715, -0.8285818099975586, -2.9605352648302077, -1.4766807341974781
-3.179579257965088, -0.7945375442504883, -2.975644577700227, -1.4556869109796917
-3.1796534061431885, -0.7622714042663574, -2.976360428905061, -1.4191354445095976
-3.1788628101348877, -0.7341794967651367, -2.967114922203477, -1.390622335982592
-3.177281618118286, -0.6997480392456055, -2.9494115664909413, -1.3740222248481735
-3.174272060394287, -0.6724257469177246, -2.9300940881992195, -1.3436987653224344
-3.170238971710205, -0.6397147178649902, -2.921798769187913, -1.3194636403421787
-3.1658711433410645, -0.6116776466369629, -2.924832316462679, -1.2845023940017797
-3.1598193645477295, -0.5783500671386719, -2.9010956611514076, -1.2371670354034694
-3.154170274734497, -0.5498929023742676, -2.8891391011429555, -1.2293004249835406
-3.1465601921081543, -0.5188641548156738, -2.9122795547861564, -1.1855942746649741
-3.138875722885132, -0.48894786834716797, -2.9168486429567246, -1.1737258517061457
-3.1307003498077393, -0.4612445831298828, -2.9229076859130347, -1.1375258221488331
-3.120237112045288, -0.43082380294799805, -2.9014508504290757, -1.1519286673174298
-3.109786033630371, -0.40221357345581055, -2.8820919091712853, -1.1307354978168491
-3.0969488620758057, -0.3686504364013672, -2.878068135723062, -1.1148977562349305
-3.08559513092041, -0.3419036865234375, -2.862240987807395, -1.0752522676926446
-3.0715246200561523, -0.3105173110961914, -2.841497706630161, -1.0358750468599145
-3.059222459793091, -0.28495359420776367, -2.8088560899609636, -1.0160206056341599
-3.044966459274292, -0.25807762145996094, -2.7877907092972833, -1.0092868222212246
-3.0305254459381104, -0.23276233673095703, -2.789896593566894, -1.0077464943827872
-3.0117745399475098, -0.20096778869628906, -2.7864088739580923, -0.967614165985853
-2.9956860542297363, -0.1775226593017578, -2.798678246548385, -0.9243482699280327
-2.976304292678833, -0.14945030212402344, -2.780059139627226, -0.9075109106053894
-2.9574365615844727, -0.1240243911743164, -2.7656632367706147, -0.8869433877111818
-2.94309139251709, -0.10598134994506836, -2.7412080008401625, -0.8773795810725429
-2.9188714027404785, -0.07613706588745117, -2.7092712992493078, -0.8721032706210311
-2.898311138153076, -0.052937984466552734, -2.689206555840764, -0.856086940752283
-2.8766841888427734, -0.02999591827392578, -2.678035505886381, -0.8472757518593345
-2.856550931930542, -0.009824752807617188, -2.6634958293358832, -0.8399169949201741
-2.8342502117156982, 0.011365413665771484, -2.626602179796685, -0.8065609310942726
-2.808760643005371, 0.03417396545410156, -2.622068942188876, -0.7918709075939496
-2.7849135398864746, 0.05414104461669922, -2.6069775353079794, -0.7641624929598976
-2.762612819671631, 0.07193756103515625, -2.5915872191183658, -0.7426284028925666
-2.7419910430908203, 0.08726739883422852, -2.5961759621689047, -0.7596095970742762
-2.7104244232177734, 0.10966014862060547, -2.560984745954799, -0.7248255828493084
-2.6842572689056396, 0.1275467872619629, -2.542520673550459, -0.707503909459571
-2.657477617263794, 0.14449596405029297, -2.5391180264730955, -0.740125646757373
-2.633852005004883, 0.1583704948425293, -2.534259131822308, -0.7498455684095728
-2.604259490966797, 0.1744670867919922, -2.5113905629256315, -0.7099230956297224
-2.5783329010009766, 0.18756723403930664, -2.475997243562736, -0.6573300119931089
-2.546994209289551, 0.20241403579711914, -2.4436599050011503, -0.6658719220852968
-2.5213446617126465, 0.21362972259521484, -2.4307904252774364, -0.6617606903441603
-2.492936849594116, 0.22543001174926758, -2.3822984366921176, -0.6902521597058093
-2.4609460830688477, 0.2366471290588379, -2.3722732878364416, -0.6901426076758156
-2.4313015937805176, 0.24654626846313477, -2.339677917881019, -0.6643457024275102
-2.403409719467163, 0.25473737716674805, -2.3060646854528994, -0.6562675083100534
-2.370002508163452, 0.26358842849731445, -2.2806440911118226, -0.6440734324422054
-2.3408122062683105, 0.2707691192626953, -2.254971747779314, -0.6317063460579933
-2.3102869987487793, 0.2767806053161621, -2.224826428661598, -0.6079116420697168
-2.2789552211761475, 0.2821168899536133, -2.1799583736321444, -0.595482114852002
-2.2510695457458496, 0.28601694107055664, -2.1546068022546865, -0.5894122816247352
-2.2224690914154053, 0.2895622253417969, -2.1619385526588974, -0.5912928875484545
-2.186448097229004, 0.29248714447021484, -2.1240396569819597, -0.6330121131018438
-2.1579477787017822, 0.2942328453063965, -2.051686671731495, -0.6128671239709609
-2.1262710094451904, 0.2947845458984375, -2.028823472622772, -0.6191221797448448
-2.092010498046875, 0.29451894760131836, -2.0211469118646326, -0.6506180675685784
-2.061189651489258, 0.29375171661376953, -1.9469745004462313, -0.6264880526754695
-2.0329902172088623, 0.2921009063720703, -1.9058184386978656, -0.6222089756926489
-1.999347448348999, 0.28940486907958984, -1.8968560178070946, -0.5953135364360981
-1.970651626586914, 0.285855770111084, -1.8734460879009958, -0.5861133009202207
-1.9368762969970703, 0.28104352951049805, -1.8123336112059611, -0.5521440201225147
-1.9089865684509277, 0.27628087997436523, -1.783352514840719, -0.524659093103159
-1.8750395774841309, 0.2694573402404785, -1.772293393709802, -0.5360808059419074
-1.8457090854644775, 0.2622342109680176, -1.743421173616181, -0.5208540585069985
-1.8182926177978516, 0.2548666000366211, -1.7151167197194008, -0.5323113755643916
-1.7881035804748535, 0.2460479736328125, -1.6875062686493565, -0.5513369929000548
-1.7583303451538086, 0.236053466796875, -1.6958312361746566, -0.5005858999762397
-1.7286419868469238, 0.2251110076904297, -1.6545320482754378, -0.4900505011955629
-1.6995408535003662, 0.21315813064575195, -1.617013838358617, -0.4842250149941521
-1.6706984043121338, 0.2006397247314453, -1.5807475855793325, -0.485433746714162
-1.6400949954986572, 0.18659019470214844, -1.5736950881164313, -0.5081972555532557
-1.6127746105194092, 0.17280340194702148, -1.5398385696840358, -0.5030204691303262
-1.588113784790039, 0.15979576110839844, -1.503520436602087, -0.5125437053650105
-1.5589444637298584, 0.14310312271118164, -1.4894067871355259, -0.47360254308547933
-1.5340123176574707, 0.12775182723999023, -1.4988677541602924, -0.47440894650271254
-1.5080289840698242, 0.11020565032958984, -1.3992200236328523, -0.47823603907916895
-1.4839072227478027, 0.09310340881347656, -1.3834279652849077, -0.47225616307666146
-1.4589416980743408, 0.07449769973754883, -1.3492188785157124, -0.48612939506068764
-1.433877944946289, 0.05499553680419922, -1.3221168785519282, -0.4768757051999722
-1.408717155456543, 0.03339052200317383, -1.315252343916896, -0.47001703657527466
-1.386298418045044, 0.013011455535888672, -1.3032430207800871, -0.46592372810482613
-1.3637330532073975, -0.008587837219238281, -1.2990156243385098, -0.46913372099067646
-1.3415637016296387, -0.030875205993652344, -1.2695689879431293, -0.47975726621505854
-1.3223075866699219, -0.05148935317993164, -1.1750242577899073, -0.5207317376866757
-1.2998700141906738, -0.0768580436706543, -1.1574713389239049, -0.5227522418570165
-1.27974271774292, -0.10052347183227539, -1.1472320766223039, -0.529178934609046
-1.260812759399414, -0.12524175643920898, -1.128379870732568, -0.5383338657605209
-1.2438921928405762, -0.1482071876525879, -1.0897572000955036, -0.5198912528532397
-1.2250189781188965, -0.17554855346679688, -1.0771279972144927, -0.49152549570641624
-1.2071771621704102, -0.2023448944091797, -1.0359925110574073, -0.49337984433294074
-1.1908140182495117, -0.22892236709594727, -1.028379955067598, -0.5233910067741245
-1.1756539344787598, -0.25583791732788086, -1.0127372693313899, -0.52204535268443
-1.1613640785217285, -0.2831721305847168, -0.9755622497067078, -0.5398093912556998
-1.147573471069336, -0.31071949005126953, -0.9552925546552841, -0.5539047303074935
-1.1345620155334473, -0.339108943939209, -0.9379507490206757, -0.569407699774001
-1.1223440170288086, -0.3679800033569336, -0.9294674524568005, -0.5838104873951135
-1.1116876602172852, -0.39695119857788086, -0.924546916844022, -0.6207594769852093
-1.1010479927062988, -0.42676639556884766, -0.904837043866543, -0.6258593222023497
-1.092179298400879, -0.45368385314941406, -0.8630893525772084, -0.6593425877624278
-1.0825834274291992, -0.48612451553344727, -0.8707872054434653, -0.6864253389214233
-1.0745625495910645, -0.5168619155883789, -0.8452257062266675, -0.7109839809395105
-1.067185878753662, -0.5478348731994629, -0.8285676644760235, -0.7184393338816841
-1.061063289642334, -0.5776891708374023, -0.8348748211878481, -0.7585620994910263
-1.0554819107055664, -0.6088399887084961, -0.812688972125952, -0.7429211363349851
-1.0509886741638184, -0.637669563293457, -0.8017599704087786, -0.7907168293326283
-1.0475378036499023, -0.6707053184509277, -0.787147881678521, -0.7890803961201956
-1.0453052520751953, -0.7014641761779785, -0.8036742740555372, -0.7948178716588113
-1.043837547302246, -0.7298822402954102, -0.80024193162114, -0.8176991196894013
-1.043637752532959, -0.7639913558959961, -0.7955577089047006, -0.8574990163237083
-1.0442547798156738, -0.7957396507263184, -0.7716153058481967, -0.8801079785873898
-1.0454559326171875, -0.8271551132202148, -0.7736271981361598, -0.881320266446984
-1.0471086502075195, -0.8585739135742188, -0.7856110333068186, -0.9131282384564512
-1.0501608848571777, -0.8870863914489746, -0.7512456311946243, -0.9825454591428865
-1.0544729232788086, -0.920778751373291, -0.7603117685505817, -1.024095532984054
-1.0583133697509766, -0.9492902755737305, -0.7604810713347515, -1.0261286719038079
-1.0636720657348633, -0.9811282157897949, -0.7498491055512673, -1.0754757641368533
-1.0702638626098633, -1.0118489265441895, -0.7380397291558647, -1.0772604192637603
-1.0771727561950684, -1.041874885559082, -0.7210195094080183, -1.143194230535364
-1.0855059623718262, -1.0736489295959473, -0.7640904977086495, -1.18154353501383
-1.0943312644958496, -1.1031379699707031, -0.7788365690130057, -1.2028210282879963
-1.1036930084228516, -1.1321954727172852, -0.7969107358271552, -1.2412282904849488
-1.1148638725280762, -1.1611599922180176, -0.7680768796006554, -1.262461605471867
-1.125777244567871, -1.188117504119873, -0.7540926915170144, -1.2934233124381713
-1.1390113830566406, -1.2186312675476074, -0.7799046465375825, -1.3184417048787946
-1.1512742042541504, -1.244844913482666, -0.7835956726895823, -1.35233471057947
-1.1665229797363281, -1.2747206687927246, -0.8170117664941315, -1.373238916007584
-1.181126594543457, -1.3017964363098145, -0.7972209086116467, -1.4133951172702541
-1.1967387199401855, -1.3288421630859375, -0.7633119716975186, -1.4568235737651003
-1.2134833335876465, -1.354881763458252, -0.7577490523758327, -1.4784943167186184
-1.2301726341247559, -1.380028247833252, -0.7678418229297598, -1.520696221374643
-1.24924898147583, -1.4059991836547852, -0.7790718095585741, -1.5552858612079101
-1.2679128646850586, -1.4308032989501953, -0.7607997879634701, -1.5949077766885387
-1.2879209518432617, -1.4554786682128906, -0.7535566353500015, -1.6268903014058889
-1.3081531524658203, -1.479236125946045, -0.7714771845897306, -1.6583699150897393
-1.3294601440429688, -1.502638816833496, -0.7830359659580008, -1.7020315344153685
-1.3503525257110596, -1.524646282196045, -0.7682129641525429, -1.7039529976162504
-1.3724298477172852, -1.5465269088745117, -0.8126108965697159, -1.7518722994416152
-1.3949863910675049, -1.567699909210205, -0.8161466971455027, -1.7907602995823608
-1.416534423828125, -1.5866012573242188, -0.829010088107236, -1.8248176402911762
-1.4400684833526611, -1.606271743774414, -0.8178890743705547, -1.8473003300811368
-1.4639604091644287, -1.6252918243408203, -0.8543597893553596, -1.8914169259455418
-1.492114543914795, -1.645674705505371, -0.9222577404765875, -1.9105305458580661
-1.5174672603607178, -1.663022518157959, -0.9133130008868006, -1.9149008578503708
-1.5417816638946533, -1.678359031677246, -0.9226622076942723, -1.945700156014029
-1.5705485343933105, -1.695530891418457, -0.9484102589451727, -1.980970099620795
-1.5981247425079346, -1.7108874320983887, -0.9816942428648255, -2.0005944694214555
-1.624587059020996, -1.7246313095092773, -1.0160816704364417, -2.0296029476026427
-1.650744915008545, -1.7372441291809082, -1.0455674107976223, -2.080145267750973
-1.6791105270385742, -1.7500214576721191, -1.060950888105722, -2.0725073891128853
-1.708479642868042, -1.762319564819336, -1.1131322048049905, -2.1152544713343167
-1.7369318008422852, -1.7732410430908203, -1.1350106305161505, -2.0982347715461036
-1.7689409255981445, -1.7848892211914062, -1.1576382594441643, -2.100234490748828
-1.7988126277923584, -1.7946505546569824, -1.2336783090235266, -2.136274531832719
-1.8286080360412598, -1.8028998374938965, -1.260278469944296, -2.128993002005016
-1.8560419082641602, -1.8095932006835938, -1.297558111248271, -2.139192729577628
-1.8891119956970215, -1.8166937828063965, -1.2958096924661562, -2.1336204474941143
-1.919607162475586, -1.8225769996643066, -1.3249518797326165, -2.150862830956154
-1.947432518005371, -1.8269720077514648, -1.3724402446836321, -2.1805747251891896
-1.978222370147705, -1.8310961723327637, -1.4412485316372812, -2.2293426145419613
-2.008718729019165, -1.8343729972839355, -1.4552134290567909, -2.2402510300323457
-2.039785861968994, -1.8365211486816406, -1.4842741910265247, -2.26496342171018
-2.072150707244873, -1.8378043174743652, -1.4933860429090917, -2.264906262821174
-2.1043992042541504, -1.8384075164794922, -1.509149250459533, -2.2838528308643085
-2.138047933578491, -1.8377704620361328, -1.5187382089402217, -2.270488990708466
-2.170625925064087, -1.8364815711975098, -1.5627837936539526, -2.268667467555541
-2.1988463401794434, -1.8344902992248535, -1.5831030902637913, -2.258212699959619
-2.2279326915740967, -1.831733226776123, -1.636206354209931, -2.2619758588175514
-2.2642621994018555, -1.827322006225586, -1.6699632296200986, -2.2556917379408574
-2.291271209716797, -1.8225760459899902, -1.7144660635113567, -2.2507554947698387
-2.3223557472229004, -1.8167457580566406, -1.7503806107638642, -2.2352930013951986
-2.3560547828674316, -1.8095283508300781, -1.7784776236368232, -2.2318616112910217
-2.38358736038208, -1.802781581878662, -1.7703869498880422, -2.235777017331142
-2.4156248569488525, -1.7935676574707031, -1.7803662077664193, -2.226763863998965
-2.4456846714019775, -1.783945083618164, -1.7712647609219725, -2.217001520190724
-2.475391387939453, -1.7736377716064453, -1.7853537619280058, -2.2054593408862444
-2.5045862197875977, -1.7623281478881836, -1.9137397474310998, -2.214180466548754
-2.5303072929382324, -1.7517433166503906, -1.9354414002755826, -2.2040742045709267
-2.5596346855163574, -1.7385964393615723, -1.9731500377955304, -2.1976147198415266
-2.5878443717956543, -1.725243091583252, -1.9992821577284812, -2.197804853729952
-2.615607738494873, -1.7107505798339844, -1.998865906835102, -2.196804354971747
-2.644547462463379, -1.694530963897705, -2.0635211164005685, -2.173600170584371
-2.670124053955078, -1.679638385772705, -2.087252281924579, -2.1493552045659876
-2.6960012912750244, -1.6629748344421387, -2.104934231097617, -2.1398842157055906
-2.723356246948242, -1.6445202827453613, -2.159185717553375, -2.119088962827945
-2.7466912269592285, -1.6278576850891113, -2.174700593725158, -2.1141492854138475
-2.7713265419006348, -1.6090316772460938, -2.1821804457769987, -2.1150465504301446
-2.797577142715454, -1.5875821113586426, -2.2549949350370495, -2.0813764687205936
-2.8186140060424805, -1.569106101989746, -2.2787927169769517, -2.0640756894149788
-2.840947151184082, -1.5483245849609375, -2.2675377813334796, -2.0743856623571695
-2.8639745712280273, -1.525979995727539, -2.264113953359091, -2.0756561621273324
-2.8853912353515625, -1.5043511390686035, -2.3067218035326977, -2.0615363513095946
-2.9061882495880127, -1.48124361038208, -2.3672006902318166, -2.0331222746966984
-2.928679943084717, -1.4558453559875488, -2.372634535547408, -2.028761146085036
-2.946701765060425, -1.433178424835205, -2.406559800130358, -2.0095059911883677
-2.9671733379364014, -1.4066319465637207, -2.4399954723830004, -1.9947350348724227
-2.985591411590576, -1.3818035125732422, -2.45497965439161, -2.0105840326396422
-3.0015268325805664, -1.3581066131591797, -2.5070101220626237, -1.9692203164676374
-3.018404960632324, -1.3317761421203613, -2.5092208994887653, -1.9631778222940361
-3.034653425216675, -1.3050260543823242, -2.5369665879736996, -1.9356235716523296
-3.0498809814453125, -1.2773337364196777, -2.5559838485405364, -1.9262019290178367
-3.0634303092956543, -1.2517147064208984, -2.576200519518947, -1.8925406471280297
-3.077871561050415, -1.222249984741211, -2.591774530811597, -1.8721379950979211
-3.091057777404785, -1.193983554840088, -2.6077515892404475, -1.8560925105502701
-3.1044092178344727, -1.1628737449645996, -2.6496860546008127, -1.8293991067535174
-3.1147475242614746, -1.1363434791564941, -2.6675034816630827, -1.8073384957740666
-3.12544322013855, -1.1072688102722168, -2.6652991519781186, -1.7825409814617517
-3.1354682445526123, -1.0752220153808594, -2.7249885050352045, -1.7309949128344402
-3.1442983150482178, -1.0453848838806152, -2.692816522742887, -1.7610799094844727
-3.1522634029388428, -1.014967918395996, -2.693414554845917, -1.7595074097681933
-3.1585144996643066, -0.9869017601013184, -2.7251469965655972, -1.7176974487634113
-3.1648175716400146, -0.9540371894836426, -2.705534910563441, -1.723329966670355
-3.169883966445923, -0.9232177734375, -2.7000557215215006, -1.7287966297734618
-3.1744136810302734, -0.8945422172546387, -2.7107755041951402, -1.7250047699944349
-3.178135633468628, -0.8638958930969238, -2.755001106927171, -1.652295508663902
-3.180850028991699, -0.8293633460998535, -2.822485623965703, -1.5474885079173817
-3.1823580265045166, -0.797663688659668, -2.828300802842571, -1.5105563478251403
-3.1829888820648193, -0.7686214447021484, -2.8453889446655247, -1.4842671987658405
-3.1829962730407715, -0.7346982955932617, -2.863321467338285, -1.4620248077327949
-3.181798219680786, -0.7033305168151855, -2.8541994799091843, -1.4766388800090455
-3.1797001361846924, -0.6733293533325195, -2.880393646384652, -1.4084395176061235
-3.177053689956665, -0.6454925537109375, -2.8733758629198483, -1.3829406727104194
-3.17313289642334, -0.6147561073303223, -2.8564694008506093, -1.3575503165225633
-3.168276071548462, -0.5841302871704102, -2.8711418398348, -1.3413133691236834
-3.16218638420105, -0.5532841682434082, -2.8746398616513367, -1.3077806984329732
-3.154817581176758, -0.5190386772155762, -2.8883306393013624, -1.2755194250758122
-3.147634267807007, -0.4895191192626953, -2.899950029677865, -1.2453510652152981
-3.1391563415527344, -0.4591507911682129, -2.9048816223502936, -1.205956124042042
-3.1304054260253906, -0.4307441711425781, -2.9004148760612796, -1.1807630412158248
-3.1205246448516846, -0.4017167091369629, -2.9041125730869126, -1.1485854962601194
-3.1093480587005615, -0.3700571060180664, -2.8938336625327348, -1.1397657826898249
-3.0977981090545654, -0.3410372734069824, -2.8937815575332726, -1.1116883101899928
-3.0853099822998047, -0.3121633529663086, -2.883131907279574, -1.083416126462188
-3.0721054077148438, -0.28357696533203125, -2.9102773366071633, -1.0771935266856807
-3.0592496395111084, -0.25820398330688477, -2.90206571053612, -1.0154100248337845
-3.044717311859131, -0.23117589950561523, -2.861270404995561, -1.0372806346831958
-3.028867244720459, -0.20394229888916016, -2.834371555239883, -1.0569617569981686
-3.012648105621338, -0.17739486694335938, -2.835951497530167, -1.0028712145286829
-2.995396614074707, -0.1513819694519043, -2.7927915164801567, -1.0256416151872647
-2.975666046142578, -0.12301206588745117, -2.785978061798357, -0.9982071219234973
-2.958867073059082, -0.10014867782592773, -2.770991430626971, -0.9748808349830644
-2.9398162364959717, -0.07607078552246094, -2.756333743548318, -0.9414263759221326
-2.917327404022217, -0.049836158752441406, -2.748716426769432, -0.9147289238622222
-2.8987443447113037, -0.029347896575927734, -2.737379929189951, -0.8858553398228735
-2.874741554260254, -0.004933357238769531, -2.7293866812529086, -0.8793930876392114
-2.8548989295959473, 0.015310287475585938, -2.703488226266769, -0.8906483402690396
-2.830275297164917, 0.03824186325073242, -2.6630352053811395, -0.8659660341931074
-2.8089146614074707, 0.05715179443359375, -2.6392969606687586, -0.8247960585249713
-2.785022735595703, 0.07697296142578125, -2.6293395094603254, -0.7952596931961453
-2.760408878326416, 0.0965738296508789, -2.6139033186236493, -0.7652370342283789
-2.7337019443511963, 0.11635351181030273, -2.602710126654328, -0.7538351232036711
-2.709616184234619, 0.13291501998901367, -2.6008151911720443, -0.7731321997188475
-2.683544635772705, 0.15029048919677734, -2.570532308085235, -0.7373655036083789
-2.6548328399658203, 0.1678028106689453, -2.540947997745068, -0.7513996381430705
-2.628593683242798, 0.18226242065429688, -2.5110808246429355, -0.7723321088104018
-2.5999903678894043, 0.19756603240966797, -2.4798911246590767, -0.8167530534414511
-2.574913501739502, 0.2103877067565918, -2.46910367249804, -0.820623204258989
-2.5469045639038086, 0.22356462478637695, -2.383681791925127, -0.7678906156938002
-2.522615909576416, 0.23391962051391602, -2.3721342342881675, -0.7563620250476563
-2.4890809059143066, 0.2472386360168457, -2.340685602050237, -0.7604162776956069
-2.4566569328308105, 0.2584519386291504, -2.310564359526131, -0.7505483414527674
-2.42718505859375, 0.2678685188293457, -2.253935423806398, -0.7500373163837323
-2.399367332458496, 0.2759733200073242, -2.2349647614695356, -0.7436563350842202
-2.3662729263305664, 0.28460025787353516, -2.215417215492435, -0.7256050363281605
-2.3369078636169434, 0.29160547256469727, -2.196342426294487, -0.6956879154424841
-2.3067567348480225, 0.297576904296875, -2.1775257044260967, -0.6913856780930634
-2.2782719135284424, 0.30211782455444336, -2.134336195749602, -0.6857381948312389
-2.2436280250549316, 0.3065776824951172, -2.1037162376231917, -0.6826747456257344
-2.215627431869507, 0.3096809387207031, -2.0967868565366286, -0.6814430793000593
-2.1849427223205566, 0.31188297271728516, -2.027437556643918, -0.6873656007792058
-2.1533122062683105, 0.3133563995361328, -2.0181745338154475, -0.6911761338736139
-2.1216092109680176, 0.31375885009765625, -1.9786927187478929, -0.6869952692670919
-2.090143918991089, 0.31328725814819336, -1.968275034011733, -0.6833098422140571
-2.056973457336426, 0.31195545196533203, -1.9412238921975018, -0.6845054620568607
-2.028428077697754, 0.31009387969970703, -1.8893446366682531, -0.6654095184103239
-1.9952597618103027, 0.3068561553955078, -1.8520932906777154, -0.6439455892814301
-1.966963529586792, 0.30316972732543945, -1.8388766524298725, -0.6674892372782797
-1.935669183731079, 0.29795074462890625, -1.781972530085387, -0.6815550723015493
-1.9016687870025635, 0.2919497489929199, -1.7476509703321441, -0.6762384498645759
-1.87432861328125, 0.2861762046813965, -1.7037369352979899, -0.6846155069817811
-1.842102289199829, 0.2779989242553711, -1.6880805658933773, -0.681615297391665
-1.8144493103027344, 0.2704315185546875, -1.653509453417295, -0.6602890916064225
-1.7816383838653564, 0.26036834716796875, -1.6057144331646915, -0.6547710289471055
-1.7523012161254883, 0.2499523162841797, -1.60459222638883, -0.5958405028286363
-1.7224905490875244, 0.23870182037353516, -1.5318452683695056, -0.6332989444594562
-1.6939008235931396, 0.2262263298034668, -1.5215721494098489, -0.6731895279461544
-1.6650238037109375, 0.21366119384765625, -1.4736802104362037, -0.6940989703090953
-1.6369130611419678, 0.20011186599731445, -1.4022382070806854, -0.6781694281087088
-1.60971999168396, 0.1861405372619629, -1.381835379661597, -0.6855706298845753
-1.5826480388641357, 0.171478271484375, -1.3058272608124561, -0.6864559762665607
-1.5582599639892578, 0.1570730209350586, -1.2772460146592253, -0.6914739986500037
-1.5294990539550781, 0.1393733024597168, -1.2474998037771778, -0.700746038369032
-1.5039312839508057, 0.12192392349243164, -1.2212629973241074, -0.6905547370133812
-1.479537010192871, 0.10427522659301758, -1.2228445093652667, -0.7131744164743594
-1.4542748928070068, 0.08550500869750977, -1.1914408526786762, -0.7285909800919258
-1.430112361907959, 0.06567096710205078, -1.1936426288408224, -0.7329980530094811
-1.4073622226715088, 0.04581737518310547, -1.0726436043936602, -0.770444004681384
-1.3845057487487793, 0.025305747985839844, -1.051540254028664, -0.7465219170645419
-1.3621742725372314, 0.0033516883850097656, -1.0462307415101118, -0.7615218826427816
-1.3401992321014404, -0.019121646881103516, -0.9855768998887915, -0.7870501304254112
-1.3190288543701172, -0.04201364517211914, -0.9683385239536695, -0.7920638455776301
-1.298569679260254, -0.06518268585205078, -0.9321710727090755, -0.8032093418140616
-1.2788052558898926, -0.08934640884399414, -0.902735749643533, -0.8115109641306063
-1.2600321769714355, -0.11427974700927734, -0.9033329020335114, -0.8330052081477817
-1.2419347763061523, -0.13975858688354492, -0.8370120964812771, -0.8607421929340927
-1.2243881225585938, -0.16507196426391602, -0.824476195126423, -0.8835327998600125
-1.2070345878601074, -0.1916794776916504, -0.7772348119690629, -0.8946211237995708
-1.190826416015625, -0.21843814849853516, -0.7425884573564501, -0.8881320034254029
-1.1758766174316406, -0.24562692642211914, -0.7311373218457005, -0.8901882189976542
-1.1630611419677734, -0.27051734924316406, -0.7223275278585157, -0.874257926705266
-1.1493844985961914, -0.29851770401000977, -0.6877660040906002, -0.8909679248057454
-1.135383129119873, -0.3296065330505371, -0.6696966654343265, -0.9246048824496296
-1.1246271133422852, -0.3557405471801758, -0.6780384490951911, -0.9071546537674134
-1.113025188446045, -0.38687801361083984, -0.6529277973077435, -0.9077836491475465
-1.1027817726135254, -0.41698551177978516, -0.6589390714299931, -0.9203879744845208
-1.0933804512023926, -0.44651031494140625, -0.6428451590116696, -0.9186415256214909
-1.0841169357299805, -0.4765610694885254, -0.6544972787333674, -0.9191393335418827
-1.0762906074523926, -0.5079946517944336, -0.6384302327674737, -0.9398725470363719
-1.0698161125183105, -0.5382318496704102, -0.6356088788015993, -0.939804192911215
-1.06382417678833, -0.5662765502929688, -0.6569809389988025, -0.971129725463145
-1.0587596893310547, -0.5993528366088867, -0.6312598575597242, -0.9595014487634055
-1.0544896125793457, -0.630302906036377, -0.6281815932296684, -0.9573034774278696
-1.0512394905090332, -0.6611781120300293, -0.6217073566934543, -0.9900234812457109
-1.0491185188293457, -0.6918754577636719, -0.6345319407332551, -1.0343420535300085
-1.0478167533874512, -0.7201933860778809, -0.6345475175581492, -1.0191738809718696
-1.0474085807800293, -0.7518610954284668, -0.6178248357163607, -1.0533429411093573
-1.0476837158203125, -0.7848525047302246, -0.6346994644018941, -1.06139704432175
-1.049166202545166, -0.8149638175964355, -0.6432141653350865, -1.0933480162666138
-1.0513315200805664, -0.8466172218322754, -0.6587391021730195, -1.0908283292099357
-1.0544757843017578, -0.8781747817993164, -0.6660111053402605, -1.1366850962110013
-1.0587005615234375, -0.9090023040771484, -0.6790829159485892, -1.153078849032602
-1.0632200241088867, -0.9394059181213379, -0.6733441772850707, -1.1653851192402778
-1.069411277770996, -0.9736604690551758, -0.6574202179596856, -1.225341330428066
-1.0761451721191406, -1.0049653053283691, -0.6479216700930892, -1.2467810838261577
-1.0831751823425293, -1.0335707664489746, -0.656168307418908, -1.2728670583758535
-1.0916337966918945, -1.0644335746765137, -0.6465252531090796, -1.3086127074542955
-1.1005210876464844, -1.0930218696594238, -0.6384579313809464, -1.309152042468197
-1.110435962677002, -1.1221542358398438, -0.6424028712318308, -1.309354375324125
-1.1212835311889648, -1.1508126258850098, -0.6510644033165793, -1.3681765384283702
-1.1335148811340332, -1.1800146102905273, -0.6598337293093359, -1.3725362577406315
-1.1460518836975098, -1.2084450721740723, -0.6642620676830701, -1.4062371070528787
-1.1594738960266113, -1.236328125, -0.6648005321184327, -1.4586638084918637
-1.1739296913146973, -1.263650894165039, -0.6523124504226316, -1.5469116928842768
-1.1891207695007324, -1.2912859916687012, -0.632775584133346, -1.5759535675337983
-1.2052092552185059, -1.3178868293762207, -0.6579898332022983, -1.5978953415644308
-1.222146987915039, -1.344010353088379, -0.6549815036874648, -1.6237862344025635
-1.2398309707641602, -1.3697137832641602, -0.6451179159192945, -1.6443355683484489
-1.2578825950622559, -1.3948211669921875, -0.656234178466855, -1.668313931345814
-1.2751431465148926, -1.4174633026123047, -0.6794285240423283, -1.7099754832580343
-1.2970776557922363, -1.4434757232666016, -0.7021301252260597, -1.7367748922638477
-1.3174874782562256, -1.4669804573059082, -0.7342616156516406, -1.7687556073988357
-1.3384335041046143, -1.4898896217346191, -0.7318925787458251, -1.7837491186877026
-1.3605682849884033, -1.5128545761108398, -0.7294451540597442, -1.8158904675462004
-1.38051176071167, -1.5324983596801758, -0.7400821195204111, -1.8280532095672972
-1.4031291007995605, -1.553229808807373, -0.7696118002353921, -1.8680463054886816
-1.4287519454956055, -1.5754995346069336, -0.7697182186707066, -1.894566006758669
-1.4531581401824951, -1.5949735641479492, -0.775667153828144, -1.9275609521730404
-1.4773051738739014, -1.6136608123779297, -0.8242892356539336, -1.956723063665864
-1.5024871826171875, -1.6318602561950684, -0.8478968326001948, -1.962686009432093
-1.529313325881958, -1.6494331359863281, -0.8725827525839247, -1.99588324790532
-1.55308198928833, -1.6643786430358887, -0.8891046885781082, -2.029418692664062
-1.5822546482086182, -1.6812620162963867, -0.8823055591813992, -2.053522590359214
-1.6104872226715088, -1.6966843605041504, -0.8969529449833399, -2.0529729506770096
-1.6376137733459473, -1.7099943161010742, -0.9475995488993777, -2.0416706171185703
-1.6650073528289795, -1.722752571105957, -0.9891776078838742, -2.1034297637863433
-1.691659927368164, -1.7346749305725098, -0.9532563494496417, -2.1097205069182694
-1.720696210861206, -1.7464547157287598, -0.9826697244331684, -2.147118929395917
-1.7520418167114258, -1.7583341598510742, -0.9485033505742572, -2.1678066333532517
-1.7813959121704102, -1.7684454917907715, -0.9716611993182793, -2.215624493632045
-1.811067819595337, -1.7775087356567383, -1.0138594916054489, -2.2099562839522573
-1.8410429954528809, -1.7854270935058594, -1.0652029270626988, -2.2247942946563612
-1.8712408542633057, -1.7923831939697266, -1.1314700826667354, -2.2702383694072092
-1.9016389846801758, -1.7985877990722656, -1.1348614395185805, -2.2758918297025366
-1.9296598434448242, -1.8035955429077148, -1.1910249409582512, -2.285086259760277
-1.9632928371429443, -1.8082537651062012, -1.223514503686785, -2.2982746780902734
-1.9939675331115723, -1.8123650550842285, -1.2462506505540982, -2.31004441864592
-2.021263599395752, -1.8145666122436523, -1.2672456838742079, -2.3099547863476517
-2.056723117828369, -1.8165087699890137, -1.3229616934356667, -2.332078176652434
-2.0890955924987793, -1.8174219131469727, -1.3382848755088645, -2.327529818041458
-2.120063304901123, -1.8175029754638672, -1.373034345996328, -2.3419939823982183
-2.152871608734131, -1.81646728515625, -1.3781858068377137, -2.3479650616943557
-2.183544635772705, -1.8146190643310547, -1.44611816572946, -2.325522887104859
-2.2146172523498535, -1.812147617340088, -1.4977356787277658, -2.3283561696499016
-2.246349811553955, -1.8086977005004883, -1.5169528924359874, -2.3194807278567433
-2.2767930030822754, -1.8043971061706543, -1.5761988737031098, -2.3342664449436885
-2.3075740337371826, -1.7988171577453613, -1.6025318566079283, -2.337640130243594
-2.3375141620635986, -1.7928810119628906, -1.666292808606403, -2.3372116658482875
-2.3690531253814697, -1.7856183052062988, -1.6937177728125552, -2.316845452921901
-2.399209499359131, -1.7777786254882812, -1.7697025967010098, -2.2944415275622783
-2.4285058975219727, -1.7689003944396973, -1.8002169147443607, -2.3005291756735904
-2.45823335647583, -1.759246826171875, -1.8055399794675573, -2.310171972416831
-2.4860074520111084, -1.7491517066955566, -1.8018707769625846, -2.3050958991952157
-2.5146169662475586, -1.737654685974121, -1.8967219135482167, -2.2971788224367486
-2.5449435710906982, -1.7249221801757812, -1.917365532346923, -2.301238219907461
-2.5741355419158936, -1.7113337516784668, -1.9186165089454732, -2.28803324689616
-2.602369785308838, -1.69720458984375, -1.965544382767196, -2.2803995936122012
-2.627143383026123, -1.6837892532348633, -2.002567726800544, -2.278094078609831
-2.6564552783966064, -1.667165756225586, -1.9847096072751278, -2.2847976571348805
-2.6832704544067383, -1.651123046875, -1.9945551364306258, -2.2876425680187795
-2.7067747116088867, -1.6351780891418457, -2.0233235539216756, -2.2880722338272155
-2.734161138534546, -1.6161365509033203, -2.060773008444358, -2.2730360441795296
-2.758803367614746, -1.5977692604064941, -2.0844227534485062, -2.2725532885511845
-2.783398389816284, -1.5785021781921387, -2.143905292885603, -2.252957732179255
-2.8066604137420654, -1.5581140518188477, -2.161842562816158, -2.234616232823664
-2.8294496536254883, -1.5375356674194336, -2.168115064762141, -2.226278613873056
-2.8523476123809814, -1.5160527229309082, -2.162729355496205, -2.2278902566220213
-2.874605178833008, -1.4941935539245605, -2.2334829848179423, -2.1976655202457853
-2.8938064575195312, -1.473097324371338, -2.2383067476803693, -2.1888814777852468
-2.916067123413086, -1.4481315612792969, -2.2661691897646996, -2.170839552644122
-2.934244155883789, -1.4266128540039062, -2.2748740210879173, -2.15057778692501
-2.9553933143615723, -1.3998098373413086, -2.3170769899569743, -2.124002889325791
-2.9742937088012695, -1.3751587867736816, -2.3381087640914613, -2.1016208995969636
-2.991767406463623, -1.3498597145080566, -2.3743216871156734, -2.0883330407749003
-3.008786678314209, -1.3234949111938477, -2.393266254417993, -2.067244751989047
-3.025583028793335, -1.2965631484985352, -2.409568196942152, -2.048064819031144
-3.0418386459350586, -1.2689785957336426, -2.4005719136107193, -2.061422533538635
-3.055906295776367, -1.24237060546875, -2.4361483645661623, -2.0137226667037744
-3.0702686309814453, -1.2143001556396484, -2.441610165039604, -2.0180881120344214
-3.0836338996887207, -1.1868295669555664, -2.4663772894302394, -1.9845841598985234
-3.095402717590332, -1.1602554321289062, -2.4746689584495973, -1.9775342429682723
-3.1081151962280273, -1.1292834281921387, -2.5376799849530878, -1.936461487023682
-3.118817090988159, -1.1004114151000977, -2.5580888058585467, -1.907205940722593
-3.1286723613739014, -1.0709991455078125, -2.552720210153979, -1.9069150580728853
-3.138024091720581, -1.04133939743042, -2.598362294676226, -1.849789654137105
-3.146298408508301, -1.0110182762145996, -2.6125404633955873, -1.8426475626954057
-3.1533255577087402, -0.9827919006347656, -2.6241037435149717, -1.817358142031982
-3.159888982772827, -0.9525904655456543, -2.6348981964978213, -1.7976285038689381
-3.1658618450164795, -0.9192495346069336, -2.641659581801705, -1.7868489026854892
-3.1703383922576904, -0.8885927200317383, -2.600967486123622, -1.8067640596250731
-3.174881935119629, -0.8594827651977539, -2.656627521714703, -1.7324067655556101
-3.1780459880828857, -0.8253283500671387, -2.6675400368865496, -1.6991885797105974
-3.179924726486206, -0.7937226295471191, -2.693208836795402, -1.694802335615345
-3.18111252784729, -0.761970043182373, -2.710742486237558, -1.6723737725928918
-3.181302547454834, -0.7306623458862305, -2.7185226408161904, -1.6699085389509123
-3.180800199508667, -0.6996784210205078, -2.724853894058494, -1.6462705103785307
-3.179072380065918, -0.6693310737609863, -2.7301661214969255, -1.601803994747298
-3.1763484477996826, -0.6388125419616699, -2.739426400139679, -1.574594990305501
-3.1727662086486816, -0.6080641746520996, -2.737501691701006, -1.5584248377286005
-3.16866397857666, -0.5800642967224121, -2.760790675771597, -1.5429807251615697
-3.162851095199585, -0.5464625358581543, -2.7752919103047455, -1.5168092865250606
-3.157257556915283, -0.5175909996032715, -2.7722065702728362, -1.482936432038689
-3.149488687515259, -0.48522186279296875, -2.7687010081711763, -1.4554190359177022
-3.142216920852661, -0.4563021659851074, -2.760744802533463, -1.4289866040342445
-3.132307291030884, -0.42333364486694336, -2.7610984165176373, -1.4037005655234398
-3.123814821243286, -0.397064208984375, -2.7620820041334326, -1.3830425883262365
-3.1133432388305664, -0.3677964210510254, -2.7426816127384637, -1.3665207000228619
-3.101149082183838, -0.335299015045166, -2.7508252013126278, -1.3504190879334144
-3.0889387130737305, -0.30664491653442383, -2.777921216476989, -1.327082297303698
-3.076493740081787, -0.2784152030944824, -2.7761188997674697, -1.2672261588811087
-3.0639216899871826, -0.2525453567504883, -2.7741119248821224, -1.2290561830154134
-3.0484039783477783, -0.22263860702514648, -2.7553584427136264, -1.2036483300613323
-3.0334417819976807, -0.19559764862060547, -2.7267977135038532, -1.1851357813004244
-3.0172677040100098, -0.16887855529785156, -2.713774448586045, -1.1656018773445849
-3.001833915710449, -0.1449880599975586, -2.7025932702356505, -1.133484179103138
-2.9836254119873047, -0.11854887008666992, -2.6878502308125083, -1.1113843888317414
-2.9644951820373535, -0.09153938293457031, -2.664805462322034, -1.093061644565708
-2.947061777114868, -0.0691213607788086, -2.654669293300303, -1.0769237922635095
-2.9266223907470703, -0.044902801513671875, -2.6369624900771558, -1.0464343935423452
-2.906450033187866, -0.021821975708007812, -2.62591306302976, -1.0486332704016643
-2.885573387145996, 0.0008955001831054688, -2.5861218039680725, -1.0275009224548652
-2.8635244369506836, 0.023288249969482422, -2.5541364922200867, -1.0280128879862347
-2.841094493865967, 0.045073509216308594, -2.5133387469188717, -1.017803292685076
-2.817831039428711, 0.06575584411621094, -2.49737516588003, -0.9941588700861586
-2.7922427654266357, 0.08777570724487305, -2.4951329546203014, -0.9852984322247231
-2.767838954925537, 0.10743236541748047, -2.4708109896429424, -0.9593182027665319
-2.7454090118408203, 0.12445735931396484, -2.4517537491063828, -0.9278432200839892
-2.71976900100708, 0.14260435104370117, -2.4355730385323864, -0.9175735523710918
-2.694363832473755, 0.15987014770507812, -2.4267809841852124, -0.8967463969727302
-2.667696714401245, 0.17659807205200195, -2.420691922407376, -0.8603419562076834
-2.6377344131469727, 0.19357585906982422, -2.3931105342799865, -0.834587965347623
-2.6143059730529785, 0.20654630661010742, -2.3795831259133253, -0.8306931499375811
-2.5833821296691895, 0.22267580032348633, -2.357419727549768, -0.8252488899260405
-2.557645320892334, 0.23493576049804688, -2.311878347624926, -0.8082600660734159
-2.5315847396850586, 0.24609804153442383, -2.2928594171175423, -0.8206800874507867
-2.502902030944824, 0.25777578353881836, -2.278031367422912, -0.8260905439782882
-2.471510887145996, 0.2695012092590332, -2.2613456556231744, -0.8053352779431878
-2.4412283897399902, 0.2796049118041992, -2.2460655633437816, -0.7805390569489727
-2.41155743598938, 0.2889995574951172, -2.2169650447176794, -0.7773320957895308
-2.3811910152435303, 0.2968301773071289, -2.1984731808281914, -0.7569001893162371
-2.3514976501464844, 0.3041386604309082, -2.1777730939825872, -0.7411396461914183
-2.3208935260772705, 0.3103489875793457, -2.147760617306656, -0.7302957155737605
-2.2933566570281982, 0.31545305252075195, -2.107443924285907, -0.7003621056468139
-2.2617743015289307, 0.3198065757751465, -2.0849521856323396, -0.7012567384883855
-2.2278878688812256, 0.3239860534667969, -2.0589166352816455, -0.7123695530261028
-2.1970808506011963, 0.326749324798584, -2.026228876755017, -0.7246123924938239
-2.165531635284424, 0.3287029266357422, -1.994857009249091, -0.7149985808526916
-2.1316282749176025, 0.32950401306152344, -1.9703358067756114, -0.7286209470116162
-2.1023499965667725, 0.3291168212890625, -1.9545784670904132, -0.7132910271342153
-2.0713791847229004, 0.32830190658569336, -1.928090825537172, -0.7206477407237131
-2.0405263900756836, 0.3266716003417969, -1.9010012479421807, -0.7139261022524555
-2.007068634033203, 0.32358884811401367, -1.8724980287955229, -0.7233734663716568
-1.9785337448120117, 0.320253849029541, -1.8446693636678149, -0.7298725942963527
-1.947556734085083, 0.31573486328125, -1.8238599408523934, -0.7208231215324552
-1.9170525074005127, 0.31096744537353516, -1.7805625306357078, -0.720199189813851
-1.885796308517456, 0.3046760559082031, -1.7448617641143884, -0.717720161934386
-1.8550150394439697, 0.2975897789001465, -1.7284113461257389, -0.7077720523526544
-1.8260023593902588, 0.2897787094116211, -1.6767272339945272, -0.7023713225719431
-1.7938241958618164, 0.28012800216674805, -1.6570266369823201, -0.6976362476312659
-1.7659940719604492, 0.27122068405151367, -1.6157750428637372, -0.6993853435989287
-1.7340974807739258, 0.25969648361206055, -1.6000661949166535, -0.6996697831396519
-1.705247402191162, 0.24812698364257812, -1.5515382496863224, -0.6880767695007688
-1.675910472869873, 0.23546886444091797, -1.5423233914454084, -0.7026575553640143
-1.6497349739074707, 0.22363853454589844, -1.5051939495000815, -0.6891687231658685
-1.6202900409698486, 0.2087264060974121, -1.475481911504201, -0.7078513168186169
-1.594982624053955, 0.1956624984741211, -1.459784064437441, -0.7276976800446612
-1.568103313446045, 0.18033742904663086, -1.4169956583225924, -0.7333540041186686
-1.5415399074554443, 0.16455888748168945, -1.372870739677101, -0.7179127393267736
-1.5132997035980225, 0.14652442932128906, -1.3390312961155437, -0.6882647771259505
-1.4900057315826416, 0.13044166564941406, -1.3421293121095768, -0.669923162352175
-1.4630775451660156, 0.11094188690185547, -1.3093241432974267, -0.6918657499560206
-1.4386720657348633, 0.09181356430053711, -1.2977963162178758, -0.6739881201782829
-1.414663314819336, 0.07179117202758789, -1.2241883617458609, -0.6785413588149922
-1.3918876647949219, 0.05086708068847656, -1.2069652230542647, -0.6826065646320838
-1.3696255683898926, 0.03009176254272461, -1.1883797707834187, -0.6552693692517871
-1.3492286205291748, 0.009620189666748047, -1.1135198525271888, -0.6939454111135414
-1.3261525630950928, -0.014696598052978516, -1.0801499564858605, -0.7057540510214189
-1.3073797225952148, -0.03568315505981445, -1.0558391592760041, -0.6956804192469184
-1.2870683670043945, -0.05928993225097656, -1.0160706140075517, -0.7034936485378245
-1.2676277160644531, -0.0836629867553711, -0.9965751454086619, -0.721682273770928
-1.2474865913391113, -0.11093807220458984, -0.9698323695338104, -0.7582945757941459
-1.2311792373657227, -0.1343669891357422, -0.9264175123881807, -0.7560473959815546
-1.2136521339416504, -0.1602940559387207, -0.8997928435453766, -0.78439018839999
-1.1954612731933594, -0.1893000602722168, -0.8645835104009487, -0.779175250113314
-1.180795669555664, -0.21445512771606445, -0.8461483161024622, -0.7981892533747149
-1.165151596069336, -0.24368906021118164, -0.8313315955725757, -0.7907503483421056
-1.152817726135254, -0.26877355575561523, -0.8079153065631888, -0.8041319547317722
-1.1385498046875, -0.2990260124206543, -0.7895830738523797, -0.7994022875657173
-1.1261591911315918, -0.32795143127441406, -0.7567352370189578, -0.8230261955943262
-1.114464282989502, -0.357027530670166, -0.7706915224784912, -0.8254702825496887
-1.1045527458190918, -0.3861532211303711, -0.7183741498456911, -0.8588531107136141
-1.0954813957214355, -0.41347455978393555, -0.7046112060000916, -0.8765823061152203
-1.0856447219848633, -0.44609642028808594, -0.6669370960546773, -0.8695163253953
-1.0776443481445312, -0.4758338928222656, -0.6522781396918625, -0.8796113989426118
-1.0707745552062988, -0.5045619010925293, -0.6407671579968321, -0.8880452606122806
-1.0636558532714844, -0.5379619598388672, -0.6079665400779932, -0.9312560636658482
-1.0583090782165527, -0.5681791305541992, -0.6254513737278253, -0.9383118567124452
-1.0536866188049316, -0.5991606712341309, -0.6104253286814524, -0.9621084263268531
-1.049853801727295, -0.6299867630004883, -0.592273490516609, -0.9855835655061466
-1.0475077629089355, -0.6608481407165527, -0.586932528009599, -0.9964069331116249
-1.0461554527282715, -0.6891651153564453, -0.5986136952558175, -1.043208691714044
-1.0452818870544434, -0.7201361656188965, -0.5873342210161274, -1.0652098520998088
-1.0455031394958496, -0.7541451454162598, -0.5633480097462636, -1.0827137048453257
-1.0466675758361816, -0.7868099212646484, -0.5696399641131171, -1.0886218772255054
-1.0482420921325684, -0.8176031112670898, -0.5733535181526431, -1.1196482616482324
-1.051520824432373, -0.8483138084411621, -0.5630118134439489, -1.1570572056518795
-1.0551691055297852, -0.8803000450134277, -0.5437346656266454, -1.1534305496699053
-1.0601162910461426, -0.9113554954528809, -0.544830550283727, -1.1792768865480225
-1.065108299255371, -0.9388871192932129, -0.5505205858196441, -1.2093607394996613
-1.0706124305725098, -0.9708080291748047, -0.5869410830627563, -1.2070954970484127
-1.077751636505127, -1.0014033317565918, -0.5963912404316145, -1.2308861386906016
-1.0854082107543945, -1.0302066802978516, -0.6051514944893324, -1.255913937024854
-1.0948896408081055, -1.0632128715515137, -0.5939532108413484, -1.288949760506394
-1.1044392585754395, -1.0920591354370117, -0.5966642450461678, -1.3493180506855542
-1.1148557662963867, -1.1213502883911133, -0.5792701571609545, -1.3698862133369605
-1.1261558532714844, -1.149874210357666, -0.5651053308080499, -1.3996455440215783
-1.1387505531311035, -1.178267478942871, -0.5572953815977136, -1.4346876632381544
-1.148789882659912, -1.2003254890441895, -0.5655642747927299, -1.476178744099404
-1.16459321975708, -1.2322769165039062, -0.5470428657378669, -1.516594354261568
-1.180457592010498, -1.2615594863891602, -0.5426940457613637, -1.5317404393595015
-1.1945009231567383, -1.2865147590637207, -0.5646503125596471, -1.5556994081869016
-1.2110891342163086, -1.313185214996338, -0.5988808895578177, -1.5844329151893524
-1.2293949127197266, -1.3410906791687012, -0.5991216306765182, -1.6176543565326584
-1.2474761009216309, -1.3666129112243652, -0.5691591448177049, -1.6333900656048956
-1.2656731605529785, -1.3912239074707031, -0.5798418567204523, -1.6578894532176893
-1.2835445404052734, -1.4138836860656738, -0.5812808777317806, -1.679995955336679
-1.303819179534912, -1.4377751350402832, -0.5895067657993344, -1.708831211678513
-1.326782464981079, -1.4629449844360352, -0.5584477554445655, -1.730280373476055
-1.3484065532684326, -1.4857463836669922, -0.531834735998797, -1.7790469409156904
-1.3702914714813232, -1.5077018737792969, -0.5495202681374036, -1.8040621408299624
-1.3922486305236816, -1.5288491249084473, -0.5536447631698675, -1.85327876531744
-1.4156520366668701, -1.5495104789733887, -0.5845362054741915, -1.8774634914005726
-1.4396483898162842, -1.5693397521972656, -0.6439956945666628, -1.8937704949364997
-1.4639382362365723, -1.588475227355957, -0.669911806796895, -1.915710372401097
-1.4867093563079834, -1.605410099029541, -0.749041879214752, -1.9230876549178824
-1.5120608806610107, -1.622690200805664, -0.7483025863220524, -1.95131887246522
-1.5389127731323242, -1.639988899230957, -0.7564679786856311, -1.9878101217316078
-1.5674190521240234, -1.6573224067687988, -0.7920987381299041, -2.0249700132551762
-1.5945048332214355, -1.672651767730713, -0.7927520326513632, -2.0507688194965676
-1.6219456195831299, -1.6870636940002441, -0.7807175650171443, -2.0611135883506955
-1.6500096321105957, -1.700263500213623, -0.7959672513209133, -2.0888423705270305
-1.678515911102295, -1.7128729820251465, -0.76226822548238, -2.1368604024408784
-1.7043964862823486, -1.7240524291992188, -0.7563763429382424, -2.169259249832681
-1.736884593963623, -1.7365236282348633, -0.8150452873024409, -2.181088130181884
-1.7637498378753662, -1.7463254928588867, -0.8103444873754876, -2.204934897273762
-1.7950444221496582, -1.7566251754760742, -0.8173737544275602, -2.224378380140406
-1.8225245475769043, -1.764488697052002, -0.8623682148478675, -2.2428255112736486
-1.8526701927185059, -1.7722740173339844, -0.9222695552617087, -2.2484946515535498
-1.88563871383667, -1.7794890403747559, -0.9702569671733677, -2.27070790529586
-1.9132039546966553, -1.7849855422973633, -1.0187295257507902, -2.272435951398538
-1.9462814331054688, -1.7902512550354004, -1.0215987366185486, -2.3005733779279143
-1.972278356552124, -1.7937664985656738, -1.0613672874067168, -2.3079614871126206
-2.007819890975952, -1.7978687286376953, -1.0792464456308462, -2.313206139350823
-2.0365347862243652, -1.7997450828552246, -1.0614069424028696, -2.34072710079106
-2.0680103302001953, -1.8012399673461914, -1.1188352754429172, -2.34223078122112
-2.103404998779297, -1.801830768585205, -1.1493094472648648, -2.347608006693383
-2.1341159343719482, -1.8015923500061035, -1.174799140690212, -2.3615642945637676
-2.1662189960479736, -1.800224781036377, -1.244069315648765, -2.3466359495133124
-2.192589282989502, -1.798874855041504, -1.261013513780603, -2.339847010348163
-2.226253032684326, -1.7954349517822266, -1.2818952676234074, -2.352123701079737
-2.2597758769989014, -1.791104793548584, -1.312793105892076, -2.353935563759852
-2.290611982345581, -1.7861175537109375, -1.3378032400016306, -2.3669808972855644
-2.318838596343994, -1.7810850143432617, -1.3739888775152733, -2.3725973909474307
-2.3515195846557617, -1.774329662322998, -1.3970204877935954, -2.3780478132619063
-2.380087375640869, -1.7672781944274902, -1.4511545938504655, -2.3674406438916336
-2.4124698638916016, -1.7583398818969727, -1.483993552761608, -2.358412228199103
-2.4396443367004395, -1.7496862411499023, -1.5307333842360398, -2.3510981804838655
-2.4696879386901855, -1.7394466400146484, -1.559990834616966, -2.357122081753796
-2.499004364013672, -1.728330135345459, -1.6025334282936963, -2.3488042196630143
-2.5273237228393555, -1.7167911529541016, -1.6350120589543335, -2.345985029031967
-2.5560202598571777, -1.7042808532714844, -1.6515478639584336, -2.339104205268499
-2.584263801574707, -1.6908597946166992, -1.6944167846202072, -2.328564941688291
-2.6126604080200195, -1.6761865615844727, -1.716551128252606, -2.322594578431251
-2.63960337638855, -1.6610832214355469, -1.7817466805580888, -2.291013927782867
-2.6654462814331055, -1.6457786560058594, -1.8327867800702824, -2.2890415979134695
-2.6921896934509277, -1.6287932395935059, -1.8710395109551656, -2.2846448078708756
-2.7210118770599365, -1.609292984008789, -1.913435973723025, -2.2624905215586666
-2.7435667514801025, -1.5931944847106934, -1.9665766354192546, -2.2597784744970717
-2.7672743797302246, -1.5747194290161133, -1.9900453403448024, -2.254365741378465
-2.7914960384368896, -1.5553040504455566, -2.026206803888566, -2.2447185555189506
-2.8173828125, -1.532872200012207, -2.0825687423156745, -2.2282794786141036
-2.8386192321777344, -1.5135498046875, -2.111970707536905, -2.20685523543646
-2.860769748687744, -1.4920473098754883, -2.163080788127275, -2.1781273456572703
-2.8830604553222656, -1.469449520111084, -2.1893667921977733, -2.169443733194371
-2.9037482738494873, -1.446650505065918, -2.2183882000687616, -2.170021191084108
-2.923938035964966, -1.423417568206787, -2.2373704924698816, -2.1567219323184674
-2.943866014480591, -1.3992295265197754, -2.2582985233264408, -2.131883440395832
-2.962906837463379, -1.3744516372680664, -2.2836919389323875, -2.121804343990308
-2.9825754165649414, -1.3474884033203125, -2.324363436748712, -2.0855215647303402
-2.9985945224761963, -1.3239068984985352, -2.3632720484905168, -2.051501228596095
-3.0158936977386475, -1.2973413467407227, -2.3778087945459183, -2.0334032154053405
-3.0327553749084473, -1.2696290016174316, -2.398029141001512, -2.0158228599691284
-3.047431230545044, -1.2434682846069336, -2.416906412711991, -1.9913833703012158
-3.061967372894287, -1.2158575057983398, -2.4411566518442935, -1.9595666849120494
-3.0758864879608154, -1.1882762908935547, -2.489742975667892, -1.92810487270089
-3.089384078979492, -1.1592378616333008, -2.5065485204492686, -1.9167391698595009
-3.101219892501831, -1.1314902305603027, -2.5398200011261967, -1.9005860006089716
-3.112656354904175, -1.102778434753418, -2.562066630227717, -1.8855045206313037
-3.1232478618621826, -1.0731925964355469, -2.59335109016322, -1.8624724087004416
-3.133089065551758, -1.0435547828674316, -2.60142762668956, -1.8519778520031933
-3.1417016983032227, -1.013537883758545, -2.6365333332023364, -1.8426802079264266
-3.149665355682373, -0.9832296371459961, -2.6575100957469715, -1.8180488682366
-3.1559879779815674, -0.9550538063049316, -2.66355002295508, -1.794051366350178
-3.1623988151550293, -0.9221339225769043, -2.6764038210751444, -1.7690104487491891
-3.1676323413848877, -0.892059326171875, -2.6868284710196, -1.751663998502301
-3.1727094650268555, -0.8581838607788086, -2.6898779179249854, -1.7209664945005914
-3.1758644580841064, -0.8290348052978516, -2.7172014743143214, -1.693645843134115
-3.1785430908203125, -0.7949867248535156, -2.7267190476358554, -1.669979451813455
-3.180147886276245, -0.7661271095275879, -2.748451620406655, -1.6377376928324203
-3.180654525756836, -0.7344064712524414, -2.7631292035558204, -1.6068658074239532
-3.180410385131836, -0.7002811431884766, -2.7815350025616064, -1.5808116284424159
-3.179459571838379, -0.6728200912475586, -2.778700617760936, -1.567739323158059
-3.177427053451538, -0.6423664093017578, -2.7890967799953197, -1.5303569221326212
-3.174513578414917, -0.6116046905517578, -2.7759942788646255, -1.529182357575488
-3.1705524921417236, -0.5812478065490723, -2.7852561291735447, -1.5052391243726688
-3.1656322479248047, -0.550297737121582, -2.8037698654380434, -1.4738726973114031
-3.1598355770111084, -0.5185036659240723, -2.8122805085267855, -1.4392552052468237
-3.1536171436309814, -0.4879794120788574, -2.824140586571123, -1.4049700389331659
-3.1454641819000244, -0.4569272994995117, -2.808991175383067, -1.3895094376651227
-3.1371610164642334, -0.4267439842224121, -2.780739212414886, -1.3863473553961838
-3.128307342529297, -0.39694643020629883, -2.791536057874971, -1.333971856846384
-3.1182260513305664, -0.36762046813964844, -2.7960103993140057, -1.3043535698999114
-3.1076483726501465, -0.3378777503967285, -2.7961123043255434, -1.2819383937882443
-3.096096992492676, -0.3089909553527832, -2.7993207431542926, -1.2551405622787917
-3.0838122367858887, -0.28052663803100586, -2.793832282048492, -1.2315146993010813
-3.070936918258667, -0.25203657150268555, -2.799499017060113, -1.2036167132494677
-3.0566906929016113, -0.22374916076660156, -2.803535074891568, -1.160846824560216
-3.042034149169922, -0.19598817825317383, -2.8055738591614725, -1.1391155962142054
-3.0267386436462402, -0.1694645881652832, -2.7725160306919947, -1.1386933050069428
-3.010807991027832, -0.14318466186523438, -2.760235569664528, -1.1273896590881995
-2.992913246154785, -0.11688089370727539, -2.752818019551742, -1.1260230878420179
-2.9756269454956055, -0.09151411056518555, -2.7345097287822844, -1.1097477136107687
-2.9572219848632812, -0.06668996810913086, -2.7254627782811487, -1.083762685645769
-2.9371895790100098, -0.04208087921142578, -2.717471884569055, -1.0534923335059294
-2.9170892238616943, -0.018609046936035156, -2.677303431736754, -1.0499014564348028
-2.89644718170166, 0.004487514495849609, -2.649548565229856, -1.0573993726398565
-2.8748462200164795, 0.027214527130126953, -2.6476924520259035, -1.0329286597005012
-2.8526434898376465, 0.049345970153808594, -2.6314069827358018, -1.0279708477103147
-2.8298676013946533, 0.07063817977905273, -2.603291518974516, -0.9915288350692233
-2.807225227355957, 0.09115886688232422, -2.5816632094745318, -0.9694436944487798
-2.782956600189209, 0.11134481430053711, -2.5652344661655424, -0.945939668747301
-2.758908271789551, 0.13065338134765625, -2.509485430904601, -0.96997137185414
-2.7312304973602295, 0.1505599021911621, -2.5146417783690787, -0.9406081459722175
-2.7078444957733154, 0.16699886322021484, -2.494541624955042, -0.9172243639676559
-2.68141508102417, 0.1840524673461914, -2.481860565675913, -0.907669887925458
-2.6545217037200928, 0.20060443878173828, -2.470088618802784, -0.8987227370728295
-2.626012086868286, 0.21671772003173828, -2.4411373838920842, -0.8896128351368868
-2.6010003089904785, 0.2299494743347168, -2.4196759748734906, -0.8838236675441772
-2.572901725769043, 0.24404144287109375, -2.38343635397096, -0.8902072409510696
-2.541013479232788, 0.25867557525634766, -2.353636026563584, -0.897600467882267
-2.5154550075531006, 0.2694559097290039, -2.3310446437301433, -0.8862179832611514
-2.486647844314575, 0.28064393997192383, -2.310489732267049, -0.8714710829024221
-2.4570369720458984, 0.29118776321411133, -2.290726456176877, -0.8594532012635816
-2.424509048461914, 0.30169010162353516, -2.268893351571631, -0.8496324888064035
-2.396566152572632, 0.30954456329345703, -2.276640998691252, -0.8053538665932519
-2.3669776916503906, 0.3173255920410156, -2.2582671064335167, -0.8090486296648863
-2.337247371673584, 0.3241000175476074, -2.244634360421912, -0.7914959246027046
-2.3065907955169678, 0.33003711700439453, -2.2005616201650704, -0.7966005029499862
-2.2752268314361572, 0.3351569175720215, -2.1773229696175878, -0.8061464234034241
-2.2441530227661133, 0.3391242027282715, -2.1402420631092602, -0.836204179908493
-2.213249921798706, 0.34235429763793945, -2.1145940924453854, -0.8489444359923574
-2.181995391845703, 0.34473466873168945, -2.0788211325126427, -0.8413725288647982
-2.1480791568756104, 0.346219539642334, -2.028525044375313, -0.821691878934443
-2.117220401763916, 0.3464951515197754, -1.9913294004377537, -0.8135992145280392
-2.0876386165618896, 0.3458518981933594, -1.9733654682428161, -0.818016667117646
-2.0568928718566895, 0.34462690353393555, -1.9288009344714032, -0.830431395451453
-2.0260612964630127, 0.3423452377319336, -1.910789576516502, -0.7976344211250355
-1.9949839115142822, 0.33935117721557617, -1.846404472493567, -0.845379807132572
-1.9641668796539307, 0.3353571891784668, -1.8198005260989338, -0.8352741557288023
-1.9306538105010986, 0.33007240295410156, -1.7702101489938311, -0.8427900141911396
-1.9025063514709473, 0.32499027252197266, -1.7388425398289504, -0.843322206243329
-1.869178295135498, 0.3175797462463379, -1.676778570483148, -0.8285908830794709
-1.8412196636199951, 0.3110203742980957, -1.646669430005299, -0.8296608395002324
-1.808974027633667, 0.3017764091491699, -1.6238327962093035, -0.8486267710872415
-1.7820110321044922, 0.29344844818115234, -1.570686698025746, -0.8603472524717771
-1.7501378059387207, 0.28244781494140625, -1.5317234972849807, -0.8503361462114132
-1.7204983234405518, 0.2709927558898926, -1.477433103540972, -0.8573214350775976
-1.6934163570404053, 0.2597346305847168, -1.4466378274731615, -0.8525159350108965
-1.6651983261108398, 0.24718809127807617, -1.4226952722041788, -0.8542992306880518
-1.6371135711669922, 0.2339038848876953, -1.3915039605845534, -0.8337744626169439
-1.6099653244018555, 0.21971940994262695, -1.3561303300462921, -0.8411255620702041
-1.5826835632324219, 0.2050461769104004, -1.316805568066476, -0.8365767644057193
-1.5557303428649902, 0.1891775131225586, -1.272898013452575, -0.8608594676875977
-1.5271601676940918, 0.17128896713256836, -1.26201037669794, -0.8811267814737809
-1.5013909339904785, 0.15431785583496094, -1.2315475839438312, -0.9011375070890298
-1.4766712188720703, 0.13680171966552734, -1.2063308794789296, -0.8865945247604566
-1.451859712600708, 0.11793804168701172, -1.1713863454409703, -0.902644830002332
-1.4276673793792725, 0.09842777252197266, -1.1432773515297605, -0.8872045401014585
-1.4044690132141113, 0.07825565338134766, -1.1152070225112953, -0.8907131440104573
-1.3813843727111816, 0.05691337585449219, -1.098371557016844, -0.8964261787556705
-1.3597331047058105, 0.03582763671875, -1.063509154200746, -0.8714316662265948
-1.3378560543060303, 0.013430595397949219, -1.0352863081527905, -0.873473916298875
-1.3167428970336914, -0.009472370147705078, -1.021685874005644, -0.8816581430463297
-1.2983312606811523, -0.030983448028564453, -1.0115726455676106, -0.8712371984171949
-1.2799792289733887, -0.05301046371459961, -1.012668340761833, -0.838512757674016
-1.2670931816101074, -0.06954240798950195, -0.9594314846144125, -0.8359847482387416
-1.2486944198608398, -0.09428024291992188, -0.934666769796342, -0.8404300598574013
-1.2279386520385742, -0.12430095672607422, -0.9079379480335964, -0.81747815195844
-1.2079176902770996, -0.15485334396362305, -0.9009961713548629, -0.8032582842468334
-1.191638469696045, -0.18145418167114258, -0.8768161841461403, -0.7836651629466178
-1.1744070053100586, -0.2117786407470703, -0.845235180889741, -0.8068112375101157
-1.1605806350708008, -0.23854827880859375, -0.8165942593464175, -0.8109832036466385
-1.1474661827087402, -0.26628637313842773, -0.8061700519732333, -0.7785990878193665
-1.134605884552002, -0.29476451873779297, -0.8069370230163855, -0.7998292131113004
-1.1226167678833008, -0.32361555099487305, -0.7940370846509827, -0.7883365556308545
-1.111279010772705, -0.3528470993041992, -0.7891009873578648, -0.7635608158530925
-1.1015596389770508, -0.3817763328552246, -0.7770455969818952, -0.7812633266033703
-1.0922183990478516, -0.41138362884521484, -0.766662548687872, -0.7621653865004175
-1.083634376525879, -0.44169092178344727, -0.7098555244599882, -0.841069338035838
-1.0757365226745605, -0.47214651107788086, -0.7084814780692531, -0.8277388972792977
-1.0684757232666016, -0.5033187866210938, -0.711315373831813, -0.8276760601919138
-1.0672130584716797, -0.5119056701660156, -0.7170566843377346, -0.8291257395683046
-1.060427188873291, -0.5463466644287109, -0.6943378665232426, -0.8140094188785107
-1.060865879058838, -0.5440845489501953, -0.654369901390978, -0.8872326931000447
-1.055933952331543, -0.5753002166748047, -0.6746764271340665, -0.8492481265203509
-1.0537266731262207, -0.5928325653076172, -0.716594208237526, -0.8637533209748051
-1.050431251525879, -0.6196718215942383, -0.6781210307949642, -0.8743259246193729
-1.0482301712036133, -0.6486806869506836, -0.6884689351573842, -0.857077738343563
-1.0465869903564453, -0.6797914505004883, -0.6533312999864257, -0.8936981337372647
-1.0458688735961914, -0.710808277130127, -0.6610492466859319, -0.899196133425283
-1.0455365180969238, -0.742335319519043, -0.6466023664795847, -0.8935080786139875
-1.045825481414795, -0.7439665794372559, -0.6632772298623362, -0.8998888373052215
-1.045708179473877, -0.7447671890258789, -0.6729707821246548, -0.9063894605041168
-1.0457329750061035, -0.7446951866149902, -0.6863853592321888, -0.9191936147794768
-1.0457515716552734, -0.744746208190918, -0.6854222794680197, -0.932756959398007
-1.0459089279174805, -0.7472014427185059, -0.6708751427982682, -0.9560816021706435
-1.0471868515014648, -0.7771949768066406, -0.6651526775457525, -1.0066794682192972
-1.0494379997253418, -0.8085193634033203, -0.6642672766570816, -1.0123789928314015
-1.0523109436035156, -0.8372492790222168, -0.6373439401013501, -1.0659911606544192
-1.0563616752624512, -0.8710336685180664, -0.6481248041483881, -1.069036093014764
-1.0599994659423828, -0.8961672782897949, -0.6501889862387202, -1.0881319226854738
-1.063368320465088, -0.915410041809082, -0.6525076578768415, -1.0966319064264416
-1.0666313171386719, -0.9322013854980469, -0.6243923486292859, -1.0861605218319343
-1.0669631958007812, -0.933563232421875, -0.6261667433875138, -1.1446858129813409
-1.0727472305297852, -0.9629435539245605, -0.6200846844253901, -1.164137054212415
-1.0790858268737793, -0.9915423393249512, -0.6081913790634769, -1.1922034425764798
-1.0871305465698242, -1.0229401588439941, -0.6057018907999512, -1.1801023593436355
-1.0961294174194336, -1.053175449371338, -0.6205602681611452, -1.193618263431121
-1.1057538986206055, -1.0820164680480957, -0.6233379481130283, -1.1894601416776456
-1.1149888038635254, -1.1085996627807617, -0.6279221325460861, -1.266308456248463
-1.1274299621582031, -1.140263557434082, -0.596916034529092, -1.3790239178618464
-1.139383316040039, -1.167938232421875, -0.6049017804021529, -1.4304305277593592
-1.1516103744506836, -1.1945161819458008, -0.6131175765020712, -1.4296270472833363
-1.1562280654907227, -1.2039995193481445, -0.6206570576501436, -1.52989411488957
-1.1724815368652344, -1.2359976768493652, -0.6492383107776768, -1.5415163012973052
-1.187601089477539, -1.2628793716430664, -0.6568947879892127, -1.5517501002109948
-1.2015008926391602, -1.287651538848877, -0.6646446671835449, -1.5769831027145327
-1.205594539642334, -1.292412281036377, -0.6418309690879032, -1.5828302000297154
-1.2263741493225098, -1.3257856369018555, -0.6419439569574177, -1.6417332321215226
-1.2264704704284668, -1.3258814811706543, -0.630542208329732, -1.6536157632086688
-1.2268681526184082, -1.3268542289733887, -0.6811065261640465, -1.654018306447719
-1.2269654273986816, -1.326871395111084, -0.6874264188630154, -1.675680747113882
-1.2283873558044434, -1.3286943435668945, -0.6594101237864842, -1.6588806658922077
-1.2457489967346191, -1.3538360595703125, -0.6869162207235338, -1.7221159447227794
-1.263716697692871, -1.3782329559326172, -0.6478607795115974, -1.73215866410313
-1.2828435897827148, -1.40278959274292, -0.647181280861784, -1.7377603476223216
-1.304929256439209, -1.4288020133972168, -0.6696237774822098, -1.7650083277739521
-1.322437047958374, -1.4486489295959473, -0.6921958396029799, -1.7660602710220037
-1.3472843170166016, -1.4753212928771973, -0.713363794123634, -1.8007749449709536
-1.3596017360687256, -1.4880290031433105, -0.6609596318398697, -1.812396006577776
-1.3585772514343262, -1.486865520477295, -0.6733462508558803, -1.8622232560378313
-1.3839240074157715, -1.5117316246032715, -0.6947201084639837, -1.911564271401861
-1.400853157043457, -1.527815818786621, -0.6946931962142018, -1.9145164686009926
-1.399519681930542, -1.5267205238342285, -0.7608370304762841, -1.9487317381839768
-1.4202978610992432, -1.5446805953979492, -0.7586951689359296, -1.9436415887813625
-1.4439702033996582, -1.5642995834350586, -0.7709284991482109, -1.9586603331772898
-1.4701218605041504, -1.584974765777588, -0.7980923745473895, -1.9563058887617049
-1.492790937423706, -1.6015653610229492, -0.8437268560961548, -2.034856951944352
-1.521028995513916, -1.6208186149597168, -0.8338879871880646, -2.0286076808386975
-1.5471725463867188, -1.637598991394043, -0.8632506119521592, -2.0382907984926737
-1.5735583305358887, -1.6534085273742676, -0.9007690645115358, -2.073931322538228
-1.5985422134399414, -1.6675162315368652, -0.901499684226356, -2.075017824181198
-1.6287226676940918, -1.682849407196045, -0.9214731980681423, -2.055958767569505
-1.6341443061828613, -1.6855697631835938, -0.9567747646926827, -2.0960445205206737
-1.6541132926940918, -1.6950559616088867, -0.9978251216745152, -2.1265013233088257
-1.6845459938049316, -1.7086915969848633, -1.001377195683494, -2.1344171127212515
-1.7162292003631592, -1.7222299575805664, -1.0166207708698567, -2.1596167462688554
-1.744473934173584, -1.7333025932312012, -1.0517164672434163, -2.178857836195471
-1.772292137145996, -1.7432260513305664, -1.079375108011206, -2.189554414390219
-1.8013370037078857, -1.752622127532959, -1.08727888957412, -2.203382125131749
-1.8313283920288086, -1.7612128257751465, -1.0947514631173405, -2.2120405477535083
-1.861602544784546, -1.7688860893249512, -1.1701433177584313, -2.24626943196905
-1.8937160968780518, -1.7758960723876953, -1.1810827695963493, -2.239791780565393
-1.9218499660491943, -1.7815256118774414, -1.2142277577702312, -2.234392740617236
-1.9528608322143555, -1.7864909172058105, -1.262234147067226, -2.2451249387055543
-1.9834485054016113, -1.7907218933105469, -1.2970576868150756, -2.2574878805331946
-2.014331817626953, -1.79423189163208, -1.3322011606056212, -2.2546209828116557
-2.0449166297912598, -1.7960491180419922, -1.3512878281209628, -2.281775004460883
-2.077545404434204, -1.7974247932434082, -1.4171848299164078, -2.2825318607306637
-2.109510898590088, -1.798022747039795, -1.4155592674701003, -2.286503780098925
-2.1412136554718018, -1.7976698875427246, -1.4684962212984158, -2.3034638135310406
-2.175178050994873, -1.7963881492614746, -1.4709997416104166, -2.309140792828217
-2.206151008605957, -1.7941174507141113, -1.506141175881807, -2.327335767662835
-2.237663745880127, -1.7912030220031738, -1.5393853410726162, -2.3325930261388432
-2.266038417816162, -1.787424087524414, -1.6031060231416874, -2.3106986706596024
-2.2966434955596924, -1.7825865745544434, -1.6205001369576615, -2.308630842439375
-2.3302395343780518, -1.7767152786254883, -1.683726795608046, -2.3222897409208465
-2.35544490814209, -1.7714300155639648, -1.6995132251005485, -2.3109272322707906
-2.388291358947754, -1.7631945610046387, -1.7437668073513, -2.3028484348542215
-2.4186954498291016, -1.7548198699951172, -1.7685307110582897, -2.3112567472784065
-2.4488396644592285, -1.7453265190124512, -1.7940571161463283, -2.3006765401352793
-2.4758381843566895, -1.736280918121338, -1.8634045823721324, -2.2881743887885553
-2.507601261138916, -1.7241606712341309, -1.8922875203696259, -2.3001698309992253
-2.5364315509796143, -1.7124314308166504, -1.8981741320561647, -2.2913244772061723
-2.567384719848633, -1.6987738609313965, -1.9491778622270814, -2.2851593821463827
-2.5932559967041016, -1.6860828399658203, -1.9766188716645974, -2.2820381046302645
-2.6189653873443604, -1.672985553741455, -1.9721162967884407, -2.2639655783136647
-2.6483912467956543, -1.656376838684082, -2.0246408186844227, -2.2491411259230882
-2.6746108531951904, -1.6407585144042969, -2.0485387289240014, -2.2509793464025476
-2.7006683349609375, -1.6242170333862305, -2.069008333947188, -2.237971341672413
-2.727099657058716, -1.6065659523010254, -2.107028461064474, -2.2306500984919118
-2.7542061805725098, -1.5871543884277344, -2.1474299263364722, -2.2261338625344433
-2.7760207653045654, -1.5702118873596191, -2.189766419831467, -2.20176990613564
-2.7996859550476074, -1.550471305847168, -2.206291283210086, -2.189851347421341
-2.823735237121582, -1.5298957824707031, -2.2326962508691386, -2.1874089602577227
-2.8485958576202393, -1.5070338249206543, -2.258583673125552, -2.1828513705506487
-2.8709614276885986, -1.4853463172912598, -2.2903892907193364, -2.168280799111904
-2.8909380435943604, -1.4649686813354492, -2.3122370078529024, -2.148615163459228
-2.9140102863311768, -1.4399380683898926, -2.3230207499813043, -2.1384164315010272
-2.932110071182251, -1.418703556060791, -2.348248886914092, -2.1198054543851876
-2.951864242553711, -1.3945622444152832, -2.341606043359146, -2.110655137127363
-2.9709668159484863, -1.3700428009033203, -2.354594654223157, -2.1071328473176307
-2.9891915321350098, -1.3446803092956543, -2.3847930613685366, -2.088749750476957
-3.0065770149230957, -1.319021224975586, -2.410981344197873, -2.0748726398348225
-3.023776054382324, -1.2923073768615723, -2.4051834904418055, -2.0743233726569024
-3.041541576385498, -1.2635960578918457, -2.4286519922377816, -2.0406013192804915
-3.0553863048553467, -1.2384939193725586, -2.4528576731692233, -2.01063370529693
-3.069882869720459, -1.2109465599060059, -2.4758396202307997, -1.9798571234978337
-3.083780527114868, -1.1836705207824707, -2.5247654185693587, -1.9641178023466845
-3.0974268913269043, -1.1546611785888672, -2.540484773150132, -1.9400390762233855
-3.1098427772521973, -1.1261873245239258, -2.5639010307751198, -1.9096104452089513
-3.1210367679595947, -1.0977153778076172, -2.5750246147448235, -1.8914541986063433
-3.1314353942871094, -1.0682196617126465, -2.5798966699770283, -1.8656596127512228
-3.142069101333618, -1.0360093116760254, -2.593206453623089, -1.8435929649253378
-3.1508021354675293, -1.0059208869934082, -2.604549781553008, -1.8414704479044481
-3.1580374240875244, -0.978736400604248, -2.6247170703234923, -1.8163270717845288
-3.165008783340454, -0.9482645988464355, -2.61902862401101, -1.7827380344046935
-3.171112298965454, -0.9173030853271484, -2.6366216729561236, -1.7647089597124608
-3.1760826110839844, -0.8866715431213379, -2.652024120152166, -1.7334338666065092
-3.181427001953125, -0.8531699180603027, -2.6676839458031623, -1.7203322815226825
-3.184530735015869, -0.8239741325378418, -2.6854470439477045, -1.696039007111493
-3.1873085498809814, -0.7924160957336426, -2.680898430190407, -1.6658670557184052
-3.1888763904571533, -0.7589750289916992, -2.69039698615135, -1.640492971799263
-3.1895105838775635, -0.7300729751586914, -2.6973859167203407, -1.617523691120276
-3.1894588470458984, -0.6989874839782715, -2.708075743465498, -1.586387642856846
-3.1886820793151855, -0.6684355735778809, -2.706563496693598, -1.5833877127682463
-3.1864497661590576, -0.6381120681762695, -2.7092396999321733, -1.5403694194945625
-3.183462142944336, -0.6071557998657227, -2.719867011431572, -1.5071747655935075
-3.179260730743408, -0.5736980438232422, -2.7100646997348687, -1.4919238865637054
-3.1746740341186523, -0.5455780029296875, -2.732625995381333, -1.4706596366908384
-3.1690163612365723, -0.514549732208252, -2.75612197899951, -1.4406366551344802
-3.162357807159424, -0.4836559295654297, -2.7426106935895294, -1.4211011305399879
-3.1543383598327637, -0.45023202896118164, -2.7372668744377737, -1.4030894105634695
-3.1459176540374756, -0.41976451873779297, -2.740577855194932, -1.3835045117186895
-3.1365036964416504, -0.38997554779052734, -2.731568693789517, -1.3621012463183575
-3.1271095275878906, -0.36325645446777344, -2.708637241120706, -1.3643045592276197
-3.1160006523132324, -0.33103275299072266, -2.71565294854631, -1.3343516001178253
-3.1038432121276855, -0.3021550178527832, -2.691066621023329, -1.311589312665706
-3.0931403636932373, -0.275787353515625, -2.680920963288412, -1.2786152365938754
-3.0793044567108154, -0.2480154037475586, -2.665512211352419, -1.2397690225627878
-3.065352201461792, -0.21927738189697266, -2.6334583536927396, -1.2319409237453167
-3.0495710372924805, -0.1891341209411621, -2.6344285472720914, -1.2031117751792875
-3.0352025032043457, -0.16471290588378906, -2.6338104282409045, -1.163186041124207
-3.0194058418273926, -0.13840484619140625, -2.6647873188072153, -1.101596512553014
-3.0018932819366455, -0.11217451095581055, -2.661814822696415, -1.0790635563157274
-2.984436511993408, -0.08656597137451172, -2.639567350510009, -1.0692795590609185
-2.9642422199249268, -0.059920310974121094, -2.623923246793779, -1.0370009941476117
-2.945594072341919, -0.037468910217285156, -2.6100056406474432, -1.0225943383205094
-2.9259891510009766, -0.013933658599853516, -2.6063899509767388, -0.9923381464923455
-2.903106689453125, 0.011370658874511719, -2.584863220734185, -1.0025989371992545
-2.883453845977783, 0.031926631927490234, -2.5759456276608703, -0.9705409034124023
-2.861422300338745, 0.0538787841796875, -2.5749979938941157, -0.9409573432669923
-2.8365278244018555, 0.0766897201538086, -2.572671881593733, -0.9261647113419091
-2.8133044242858887, 0.09749507904052734, -2.553623712108376, -0.9080292970522444
-2.7916781902313232, 0.11579036712646484, -2.5313535539037897, -0.9292641318939387
-2.764932632446289, 0.13686847686767578, -2.5108583835662546, -0.9024315291893482
-2.7415785789489746, 0.15363740921020508, -2.5062081485203267, -0.8848904120889347
-2.7142746448516846, 0.17288446426391602, -2.52014076763699, -0.8302238123675889
-2.68815279006958, 0.18987321853637695, -2.5045374109746614, -0.8024375674084877
-2.6609528064727783, 0.20635032653808594, -2.4923719266689033, -0.7993765763772054
-2.6342005729675293, 0.22105169296264648, -2.447658096337943, -0.7632409920969426
-2.6087911128997803, 0.23425960540771484, -2.4225435462173457, -0.737969270654133
-2.578765869140625, 0.24930572509765625, -2.4179740341862104, -0.7279946336809328
-2.54909086227417, 0.26296043395996094, -2.3756517915726403, -0.7128647061397514
-2.5233428478240967, 0.27400922775268555, -2.355188146543683, -0.6851368859227536
-2.495314359664917, 0.28519153594970703, -2.3453187204709764, -0.6651016492600749
-2.4635353088378906, 0.2962985038757324, -2.319409093065913, -0.671787222761395
-2.4334821701049805, 0.30589771270751953, -2.2805036621765256, -0.6749366260764275
-2.4052672386169434, 0.313629150390625, -2.2574992817339345, -0.6545277994748688
-2.372725009918213, 0.3221254348754883, -2.2354476220286275, -0.6401223094303512
-2.3433141708374023, 0.3288545608520508, -2.2145334378493384, -0.6730096420430445
-2.3122429847717285, 0.3347201347351074, -2.1852296866141274, -0.6843710608395464
-2.2809269428253174, 0.3395228385925293, -2.1733623352707956, -0.6981606804852806
-2.2503175735473633, 0.34354305267333984, -2.142742602341842, -0.7342711345876468
-2.2219350337982178, 0.34650611877441406, -2.1108747597991258, -0.723142548683964
-2.1880033016204834, 0.34914541244506836, -2.0825391175652825, -0.7236365836688124
-2.1594927310943604, 0.3504633903503418, -2.0610969296745125, -0.7231906900117154
-2.125077247619629, 0.35110950469970703, -2.038720586584111, -0.7345087245293743
-2.093702554702759, 0.35030126571655273, -2.0180286714734477, -0.7419727517689739
-2.062678337097168, 0.3488006591796875, -1.99248984654873, -0.7497369165307648
-2.0317838191986084, 0.34647512435913086, -1.9734657276695262, -0.7529342209741972
-2.0017683506011963, 0.34333324432373047, -1.951754971723323, -0.6800956486164457
-1.9705932140350342, 0.33951330184936523, -1.9014191670169236, -0.6978627907030022
-1.9399144649505615, 0.33432817459106445, -1.8683633888566618, -0.6606397023362452
-1.9087903499603271, 0.32899999618530273, -1.8406385814528086, -0.6530388383385753
-1.8784677982330322, 0.32219552993774414, -1.820773958033253, -0.6563243249807625
-1.8481569290161133, 0.3144378662109375, -1.7682292702472695, -0.6823764022206759
-1.8182249069213867, 0.30593442916870117, -1.7425441452653005, -0.6541180254128613
-1.7889647483825684, 0.2964773178100586, -1.7223868343889548, -0.666799841975661
-1.7592735290527344, 0.28662633895874023, -1.682919526402304, -0.6404577591914102
-1.7317018508911133, 0.2763824462890625, -1.625499663192129, -0.6374731499802733
-1.7006149291992188, 0.2634549140930176, -1.6100118709892124, -0.6513880314233036
-1.6723918914794922, 0.25104570388793945, -1.5676916645213654, -0.6380754952090836
-1.6464509963989258, 0.2387528419494629, -1.541461634595931, -0.6444403808378173
-1.6166472434997559, 0.22331714630126953, -1.5063489766941887, -0.640229466282889
-1.5917887687683105, 0.20963048934936523, -1.4674314650432034, -0.6514229549132629
-1.5624818801879883, 0.19257450103759766, -1.4318393565772234, -0.6760723833430919
-1.5364127159118652, 0.17606163024902344, -1.4058605087164047, -0.6902798777968838
-1.5104780197143555, 0.1591029167175293, -1.3662979256157854, -0.6494360277308725
-1.4854841232299805, 0.1417837142944336, -1.3399737539307501, -0.6678295884411359
-1.4630262851715088, 0.12484455108642578, -1.3121903877581125, -0.6655299738883627
-1.4366099834442139, 0.10373878479003906, -1.2893261951788235, -0.6591488008118903
-1.412858486175537, 0.08347177505493164, -1.2693553445632688, -0.6309800231185263
-1.3918049335479736, 0.06411170959472656, -1.238915744136485, -0.6410312783983367
-1.389902114868164, 0.06238079071044922, -1.239915215588496, -0.6291487848445081
-1.389902114868164, 0.06238079071044922, -1.2470752584717713, -0.6032112415060705
-1.389902114868164, 0.06238079071044922, -1.2443161031300045, -0.5916386101407615
-1.389902114868164, 0.06238079071044922, -1.2435189274741492, -0.5565438161154659
-1.389902114868164, 0.06238079071044922, -1.2535556898088722, -0.5650833109861818
-1.389902114868164, 0.06238079071044922, -1.2560106590600355, -0.5622922708985021
-1.389902114868164, 0.06238079071044922, -1.2393579612307795, -0.5803845646438267
-1.389902114868164, 0.06238079071044922, -1.2393553497409184, -0.5940755851173597
-1.389902114868164, 0.06238079071044922, -1.2126028878633217, -0.5894295702463479
-1.389902114868164, 0.06238079071044922, -1.211360392902447, -0.5991252829869635
-1.389902114868164, 0.06238079071044922, -1.2121473904414832, -0.5516294804921353
-1.389902114868164, 0.06238079071044922, -1.2026185402278962, -0.5561258945353036
-1.389902114868164, 0.06238079071044922, -1.2160488730247725, -0.5344988239120034
-1.389902114868164, 0.06238079071044922, -1.2293336732741023, -0.5224744664248876
-1.389902114868164, 0.06238079071044922, -1.2359416218083423, -0.5391431242392757
-1.389902114868164, 0.06238079071044922, -1.2334880857601753, -0.5301341793059202
-1.389902114868164, 0.06238079071044922, -1.2381267070027477, -0.5342314488534065
-1.389902114868164, 0.06238079071044922, -1.228903615737307, -0.5498555053745376
-1.389902114868164, 0.06238079071044922, -1.225858023094983, -0.5298366600225655
-1.389902114868164, 0.06238079071044922, -1.2131576365648922, -0.5251235441015119
-1.389902114868164, 0.06238079071044922, -1.2051633658119187, -0.5288192174297044
-1.389902114868164, 0.06238079071044922, -1.1972887142724145, -0.5288051590690818
-1.389902114868164, 0.06238079071044922, -1.1963533571443026, -0.521096200388417
-1.389902114868164, 0.06238079071044922, -1.1976491512614256, -0.516107902380866
-1.389902114868164, 0.06238079071044922, -1.176842425716814, -0.5275185076809771
-1.389902114868164, 0.06238079071044922, -1.1694670958437001, -0.5280713364977663
-1.389902114868164, 0.06238079071044922, -1.1616384515388514, -0.49505635802691167
-1.389902114868164, 0.06238079071044922, -1.1540978582535575, -0.4941635044104411
-1.389902114868164, 0.06238079071044922, -1.1550629650652073, -0.5195360522212945
-1.389902114868164, 0.06238079071044922, -1.178145592326635, -0.5263131530495184
-1.389902114868164, 0.06238079071044922, -1.1674498801746638, -0.5062407035729191
-1.389902114868164, 0.06238079071044922, -1.1691445132754235, -0.5067046420889723
-1.389902114868164, 0.06238079071044922, -1.1659916075016095, -0.5049757998377368
-1.389902114868164, 0.06238079071044922, -1.1694279442122948, -0.5120595106271932
-1.389902114868164, 0.06238079071044922, -1.182515028823915, -0.49996696465910967
-1.389902114868164, 0.06238079071044922, -1.1820372851610033, -0.4961546639250214
-1.389902114868164, 0.06238079071044922, -1.1837905706745233, -0.4994626185896966
-1.389902114868164, 0.06238079071044922, -1.186609007096906, -0.4958169072481685
-1.389902114868164, 0.06238079071044922, -1.2233094780659077, -0.47920640062580805
-1.389902114868164, 0.06238079071044922, -1.2270513660750277, -0.4797817648848281
-1.389902114868164, 0.06238079071044922, -1.2026596314460105, -0.48851952629654605
-1.389902114868164, 0.06238079071044922, -1.202725189307753, -0.45511951495258024
-1.389902114868164, 0.06238079071044922, -1.1967421148518698, -0.42975862041862256
-1.389902114868164, 0.06238079071044922, -1.1950259363972877, -0.4554949612757485
-1.389902114868164, 0.06238079071044922, -1.1921855392018312, -0.44492326270112154
-1.389902114868164, 0.06238079071044922, -1.1840256472210888, -0.4424192014115173
-1.389902114868164, 0.06238079071044922, -1.191339442052336, -0.4373152518849951
-1.389902114868164, 0.06238079071044922, -1.1983731378401616, -0.43324773425980423
-1.389902114868164, 0.06238079071044922, -1.202476306954098, -0.4361882019646352
-1.389902114868164, 0.06238079071044922, -1.20483036875072, -0.4330086995396467
-1.389902114868164, 0.06238079071044922, -1.2087380964283023, -0.42723801166416564
-1.389902114868164, 0.06238079071044922, -1.2071756638728883, -0.42091746751254866
-1.389902114868164, 0.06238079071044922, -1.183954506767601, -0.4441886486713232
-1.389902114868164, 0.06238079071044922, -1.186856731543942, -0.43019212556623715
-1.389902114868164, 0.06238079071044922, -1.2000892428721097, -0.45881910673466664
-1.389902114868164, 0.06238079071044922, -1.1780587491714138, -0.4571626402942909
-1.389902114868164, 0.06238079071044922, -1.1674081088270902, -0.46632574137556543
-1.389902114868164, 0.06238079071044922, -1.154585218843874, -0.4719476852426201
-1.389902114868164, 0.06238079071044922, -1.1522344134350848, -0.45678684957586807
-1.389902114868164, 0.06238079071044922, -1.154970854629873, -0.4687773710268703
-1.389902114868164, 0.06238079071044922, -1.156161173679231, -0.4727697568625219
-1.389902114868164, 0.06238079071044922, -1.1712953212429857, -0.4754132341250622
-1.389902114868164, 0.06238079071044922, -1.1950889608413415, -0.4809127847771958
-1.389902114868164, 0.06238079071044922, -1.1862433336528264, -0.47449640867235876
-1.389902114868164, 0.06238079071044922, -1.1483123882098452, -0.453650703266587
-1.389902114868164, 0.06238079071044922, -1.1588507805234787, -0.47654636929710403
-1.389902114868164, 0.06238079071044922, -1.1527012281235913, -0.4319274509441752
-1.389902114868164, 0.06238079071044922, -1.1565967098915892, -0.45359123606909235
-1.389902114868164, 0.06238079071044922, -1.1569908264482243, -0.47089379722062324
-1.389902114868164, 0.06238079071044922, -1.1551545625915387, -0.4742511913431206
-1.389902114868164, 0.06238079071044922, -1.1686747890649816, -0.480243024175457
-1.389902114868164, 0.06238079071044922, -1.1617439153587037, -0.46099324572318734
-1.389902114868164, 0.06238079071044922, -1.1695562494065987, -0.4811715675318523
-1.389902114868164, 0.06238079071044922, -1.1695525522294983, -0.45454849359644306
-1.389902114868164, 0.06238079071044922, -1.1765149737061122, -0.4348287817767933
-1.389902114868164, 0.06238079071044922, -1.180365989125434, -0.435587769645056
-1.389902114868164, 0.06238079071044922, -1.18288886751714, -0.44482895100182074
-1.389902114868164, 0.06238079071044922, -1.1860727326108647, -0.44407210668967156
-1.389902114868164, 0.06238079071044922, -1.1803166221718728, -0.4499848771106824
-1.389902114868164, 0.06238079071044922, -1.1750772220463337, -0.43588124793881633
-1.389902114868164, 0.06238079071044922, -1.1602659475978265, -0.42820950481975995
-1.389902114868164, 0.06238079071044922, -1.1398914310766715, -0.43521074840689694
-1.389902114868164, 0.06238079071044922, -1.1432091137725757, -0.45109466550391725
-1.389902114868164, 0.06238079071044922, -1.1213556248585825, -0.4579191052594701
-1.389902114868164, 0.06238079071044922, -1.1302892224735188, -0.46924266614728216
-1.389902114868164, 0.06238079071044922, -1.1141642978090864, -0.45825552831292177
-1.389902114868164, 0.06238079071044922, -1.1143266261204463, -0.44210081190534284
-1.389902114868164, 0.06238079071044922, -1.112976949707751, -0.4640780536611824
-1.389902114868164, 0.06238079071044922, -1.1177686981099486, -0.48299536361645995
-1.389902114868164, 0.06238079071044922, -1.113380283422701, -0.485894081478254
-1.389902114868164, 0.06238079071044922, -1.0967291388739455, -0.5002688605623369
-1.389902114868164, 0.06238079071044922, -1.0989826578474338, -0.5043590926165282
-1.389902114868164, 0.06238079071044922, -1.1022099106712553, -0.5060898502978872
-1.389902114868164, 0.06238079071044922, -1.10052464866916, -0.5040034242503426
-1.389902114868164, 0.06238079071044922, -1.0992806664203754, -0.5270235750637929
-1.389902114868164, 0.06238079071044922, -1.103283446920964, -0.5342010180239831
-1.389902114868164, 0.06238079071044922, -1.0949505642310475, -0.5344005807278006
-1.389902114868164, 0.06238079071044922, -1.1016129247267448, -0.532189427292049
-1.389902114868164, 0.06238079071044922, -1.1090286619725565, -0.5395173652029975
-1.389902114868164, 0.06238079071044922, -1.1026791224503867, -0.5300964725568137
-1.389902114868164, 0.06238079071044922, -1.0783665502148647, -0.5522319658884064
-1.389902114868164, 0.06238079071044922, -1.0765142142603488, -0.5649489652420604
-1.389902114868164, 0.06238079071044922, -1.085685150052281, -0.5549225338405362
-1.389902114868164, 0.06238079071044922, -1.1078955113837976, -0.5432071009397879
-1.389902114868164, 0.06238079071044922, -1.0889474420354777, -0.507248167766237
-1.389902114868164, 0.06238079071044922, -1.0825939001452665, -0.4969429723361614
-1.389902114868164, 0.06238079071044922, -1.0822477699177437, -0.49323857803478127
-1.389902114868164, 0.06238079071044922, -1.1137629342931277, -0.49534582563838603
-1.389902114868164, 0.06238079071044922, -1.1046675749748684, -0.4464247561631681
-1.389902114868164, 0.06238079071044922, -1.1276894142715923, -0.4685473013517181
-1.389902114868164, 0.06238079071044922, -1.0893183576474568, -0.48470650882413097
-1.389902114868164, 0.06238079071044922, -1.1072458113289163, -0.4848765417056014
-1.389902114868164, 0.06238079071044922, -1.1108159414590915, -0.49036899223376734
-1.389902114868164, 0.06238079071044922, -1.1132365486881939, -0.4905216640148611
-1.389902114868164, 0.06238079071044922, -1.1000724536447644, -0.4850386696304971
-1.389902114868164, 0.06238079071044922, -1.1128502327510785, -0.4779111825748481
-1.389902114868164, 0.06238079071044922, -1.125675411484497, -0.4346215097992143
-1.389902114868164, 0.06238079071044922, -1.1174765586066806, -0.43144174228937515
-1.389902114868164, 0.06238079071044922, -1.1206387286449657, -0.4302674093198485
-1.389902114868164, 0.06238079071044922, -1.1092958387933058, -0.42856977356033477
-1.389902114868164, 0.06238079071044922, -1.1070705517304877, -0.44081229324690596
-1.389902114868164, 0.06238079071044922, -1.1022461662797514, -0.457255705605143
-1.389902114868164, 0.06238079071044922, -1.1151044620042003, -0.4747145988445054
-1.389902114868164, 0.06238079071044922, -1.1189200325778814, -0.4424638671155764
-1.389902114868164, 0.06238079071044922, -1.1112820807824546, -0.43956877613338435
-1.389902114868164, 0.06238079071044922, -1.1165917141154666, -0.4399908221922131
-1.389902114868164, 0.06238079071044922, -1.1136959840829932, -0.422292418502395
-1.389902114868164, 0.06238079071044922, -1.111583673179793, -0.42235643829209274
-1.389902114868164, 0.06238079071044922, -1.101962928352384, -0.42127505319721503
-1.389902114868164, 0.06238079071044922, -1.0887685096838797, -0.42101650430902715
-1.389902114868164, 0.06238079071044922, -1.0937265178684117, -0.4242168285765834
-1.389902114868164, 0.06238079071044922, -1.0937530915528408, -0.42688392565260713
-1.389902114868164, 0.06238079071044922, -1.08457900329432, -0.43770201146048787
-1.389902114868164, 0.06238079071044922, -1.0846765257597581, -0.45381524568041554
-1.389902114868164, 0.06238079071044922, -1.076969125200905, -0.43822890569804995
-1.389902114868164, 0.06238079071044922, -1.0551940123724712, -0.46156689008316787
-1.389902114868164, 0.06238079071044922, -1.0720180949393794, -0.4848037329313291
-1.389902114868164, 0.06238079071044922, -1.0691981809861524, -0.48450509138545655
-1.389902114868164, 0.06238079071044922, -1.090166280608776, -0.46762019162777835
-1.389902114868164, 0.06238079071044922, -1.08624406564383, -0.4563559209572052
-1.389902114868164, 0.06238079071044922, -1.0822754808890889, -0.5183524483152875
-1.389902114868164, 0.06238079071044922, -1.0685145731291557, -0.5164347431597219
-1.389902114868164, 0.06238079071044922, -1.0896233180074852, -0.504578628157994
-1.389902114868164, 0.06238079071044922, -1.085597842958508, -0.5032437988185846
-1.389902114868164, 0.06238079071044922, -1.0828773527783437, -0.5118738050657009
-1.389902114868164, 0.06238079071044922, -1.0829659126553741, -0.5070561682250013
-1.389902114868164, 0.06238079071044922, -1.0758871004929844, -0.5133296767387073
-1.389902114868164, 0.06238079071044922, -1.0807420891691615, -0.5129094837400816
-1.389902114868164, 0.06238079071044922, -1.0767105726373056, -0.4841356881203534
-1.389902114868164, 0.06238079071044922, -1.0770310754416947, -0.4770279637169382
-1.389902114868164, 0.06238079071044922, -1.08365310123506, -0.4931071373526292
-1.389902114868164, 0.06238079071044922, -1.0895015936770724, -0.5194649340920832
-1.389902114868164, 0.06238079071044922, -1.0956876762988328, -0.5314103762182555
-1.389902114868164, 0.06238079071044922, -1.0880688906588458, -0.5302431286425338
-1.389902114868164, 0.06238079071044922, -1.0787552528070987, -0.515840765500912
-1.389902114868164, 0.06238079071044922, -1.0807308183674609, -0.5009503689573535
-1.389902114868164, 0.06238079071044922, -1.08823086594774, -0.4925669952243537
-1.389902114868164, 0.06238079071044922, -1.0987412924839146, -0.49214917747382675
-1.389902114868164, 0.06238079071044922, -1.0585646327867984, -0.5215883614340944
-1.389902114868164, 0.06238079071044922, -1.057976069664121, -0.49328673441522486
-1.389902114868164, 0.06238079071044922, -1.0480355258638163, -0.510197711989884
-1.389902114868164, 0.06238079071044922, -1.047707904296635, -0.49251295004069545
-1.389902114868164, 0.06238079071044922, -1.0579002647226645, -0.4894348963153986
-1.389902114868164, 0.06238079071044922, -1.0567185440864875, -0.5053728570645303
-1.389902114868164, 0.06238079071044922, -1.048384451529703, -0.5017851376301612
-1.389902114868164, 0.06238079071044922, -1.053856109530253, -0.5077084834817296
-1.389902114868164, 0.06238079071044922, -1.054773555503088, -0.5175413832736613
-1.389902114868164, 0.06238079071044922, -1.0365318755061952, -0.5067820817939016
-1.389902114868164, 0.06238079071044922, -1.0461156826457836, -0.5272987938592077
-1.389902114868164, 0.06238079071044922, -1.0595675172259438, -0.5531144677768943
-1.389902114868164, 0.06238079071044922, -1.0633659135582365, -0.529004948581683
-1.389902114868164, 0.06238079071044922, -1.0486460000099478, -0.49950858262004105
-1.389902114868164, 0.06238079071044922, -1.040111199730669, -0.5012258321034894
-1.389902114868164, 0.06238079071044922, -1.030729731791281, -0.494292719068057
-1.389902114868164, 0.06238079071044922, -1.0007952185502076, -0.5067223947357854
-1.389902114868164, 0.06238079071044922, -0.9997253316212394, -0.5131384033515201
-1.389902114868164, 0.06238079071044922, -1.0156775243532297, -0.5156313348027605
-1.389902114868164, 0.06238079071044922, -1.0230322897498898, -0.5141421904726269
-1.389902114868164, 0.06238079071044922, -1.0281544660037518, -0.5167140665812417
-1.389902114868164, 0.06238079071044922, -1.0329808854513085, -0.5084270171119384
-1.389902114868164, 0.06238079071044922, -1.0255755507759352, -0.5142843209490802
-1.389902114868164, 0.06238079071044922, -1.0236846249304108, -0.5337817752221589
-1.389902114868164, 0.06238079071044922, -1.0306195372796065, -0.5031224026262707
-1.389902114868164, 0.06238079071044922, -1.026826939368369, -0.5009213123391676
-1.389902114868164, 0.06238079071044922, -1.0122638874117706, -0.49667918391126864
-1.389902114868164, 0.06238079071044922, -0.998727908025533, -0.5095028684201842
-1.389902114868164, 0.06238079071044922, -1.0027526976639596, -0.531021501103904
-1.389902114868164, 0.06238079071044922, -0.9996842273374551, -0.5108672005029925
-1.389902114868164, 0.06238079071044922, -1.009353295971057, -0.5097542046618547
-1.389902114868164, 0.06238079071044922, -1.000529413645972, -0.5224898239158725
-1.389902114868164, 0.06238079071044922, -1.0092776971119441, -0.5347042242900317
-1.389902114868164, 0.06238079071044922, -1.021034103908703, -0.54062529708956
-1.389902114868164, 0.06238079071044922, -1.0155789768430685, -0.52431521852146
-1.389902114868164, 0.06238079071044922, -1.0210189100256994, -0.5008266945455556
